序号,中文名称,英文名称,注册地,批准日期,主托管行
1,瑞士银行,UBS AG,瑞士,2003-05-23,花旗银行
2,野村证券株式会社,"Nomura Securities Co.,Ltd.",日本,2003-05-23,农业银行
3,摩根士丹利国际股份有限公司,Morgan Stanley & Co. International PLC,英国,2003-06-05,汇丰银行
4,花旗环球金融有限公司,Citigroup Global Markets Limited,英国,2003-06-05,德意志银行
5,高盛公司有限责任公司,Goldman Sachs&Co. LLC,美国,2003-07-04,汇丰银行
6,德意志银行,Deutsche Bank Aktiengesellschaft,德国,2003-07-30,花旗银行
7,香港上海汇丰银行有限公司,The Hongkong and Shanghai Banking Corporation Limited,中国香港,2003-08-04,建设银行
8,摩根大通银行,"JPMorgan Chase Bank, National Association",美国,2003-09-30,汇丰银行
9,渣打银行（香港）有限公司,Standard Chartered Bank (Hong Kong) Limited,中国香港,2003-12-11,中国银行
10,奥明资产管理有限公司,"Amova Asset Management Co.,Ltd.",日本,2003-12-11,交通银行
11,美林国际,Merrill Lynch International,英国,2004-04-30,汇丰银行
12,恒生银行有限公司,Hang Seng Bank Limited,中国香港,2004-05-10,建设银行
13,大和证券株式会社,Daiwa Securities Co. Ltd.,日本,2004-05-10,工商银行
14,盖茨基金会信托,Gates Foundation Trust,美国,2004-07-19,汇丰银行
15,景顺资产管理有限公司,INVESCO Asset Management Limited,英国,2004-08-04,中国银行
16,法国兴业银行,Société Générale,法国,2004-09-02,汇丰银行
17,巴克莱银行,Barclays Bank PLC,英国,2004-09-15,渣打银行
18,德国商业银行,Commerzbank AG,德国,2004-09-27,工商银行
19,法国巴黎银行,BNP Paribas,法国,2004-09-29,工商银行
20,加拿大鲍尔公司,Power Corporation of Canada,加拿大,2004-10-15,建设银行
21,东方汇理银行,Credit Agrigole Corporate and Investment Bank,法国,2004-10-15,汇丰银行
22,高盛国际资产管理公司,Goldman Sachs Asset Management International,英国,2005-05-09,汇丰银行
23,马丁可利投资管理有限公司,Martin Currie Investment Management Ltd,英国,2005-10-25,花旗银行
24,新加坡政府投资有限公司,GIC Private Limited,新加坡,2005-10-25,渣打银行
25,浩景投资有限责任公司,Heron View Partners LLC,美国,2005-11-14,中国银行
26,淡马锡富敦投资有限公司,Temasek Fullerton Alpha Pte Ltd,新加坡,2005-11-15,汇丰银行
27,日本第一生命保险株式会社,The Dai-ichi Life Insurance Company，Limited,日本,2005-12-28,中国银行
28,星展银行有限公司,DBS Bank Ltd,新加坡,2006-02-13,农业银行
29,加拿大丰业银行,The Bank of Nova Scotia,加拿大,2006-04-10,中国银行
30,比联金融产品英国有限公司,KBC Financial Products UK Limited,英国,2006-04-10,花旗银行
31,爱德蒙得洛希尔（法国）,Edmond de Rothschild（France）,法国,2006-04-10,中国银行
32,耶鲁大学,Yale University,美国,2006-04-14,汇丰银行
33,摩根士丹利投资管理公司,Morgan Stanley Investment Management Inc.,美国,2006-07-07,汇丰银行
34,瀚亚投资（香港）有限公司,Eastspring Investment(Hong Kong) Limited,中国香港,2006-07-07,农业银行
35,斯坦福大学,Stanford University,美国,2006-08-05,汇丰银行
36,大华银行有限公司,United Overseas Bank Limited,新加坡,2006-08-05,工商银行
37,施罗德投资管理有限公司,Schroder Investment Mangement Limited,英国,2006-08-29,交通银行
38,汇丰环球投资管理（香港）有限公司,HSBC Global Asset Management (Hong Kong) Limited,中国香港,2006-09-05,交通银行
39,瑞穗证券株式会社,"Mizuho Securities Co.,Ltd",日本,2006-09-05,建设银行
40,三井住友德思资产管理股份有限公司,"Sumitomo Mitsui DS Asset Management Company, Limited",日本,2006-09-25,花旗银行
41,瑞银资产管理（新加坡）有限公司,UBS Asset Management (Singapore) Ltd,新加坡,2006-09-25,汇丰银行
42,挪威中央银行,Norges Bank,挪威,2006-10-24,花旗银行
43,百达资产管理有限公司,Pictet Asset Management Limited,英国,2006-10-25,汇丰银行
44,哥伦比亚大学,The Trustees of Columbia University in the City of New York,美国,2008-03-12,汇丰银行
45,荷宝基金管理公司,Robeco Institutional Asset management B.V.,荷兰,2008-05-05,德意志银行
46,道富环球投资管理亚洲有限公司,State Street Global Advisors Asia Limited,中国香港,2008-05-16,建设银行
47,比利时联合资产管理有限公司,KBC Asset Management N.V.,比利时,2008-06-02,工商银行
48,铂金投资管理有限公司,Platinum Investment Management Limited,澳大利亚,2008-06-02,汇丰银行
49,未来资产基金管理公司,"Mirae Asset Global Investments Co., Ltd.",韩国,2008-07-25,工商银行
50,安达国际控股有限公司,Chubb INA International Holdings Ltd.,美国,2008-08-05,工商银行
51,魁北克储蓄投资集团,Caisse de dépôt et placement du Québec,加拿大,2008-08-22,汇丰银行
52,哈佛大学,President and Fellows of Harvard College,美国,2008-08-22,工商银行
53,三星资产运用株式会社,"Samsung Asset Management Co., Ltd.",韩国,2008-08-25,汇丰银行
54,联博有限公司,AllianceBernstein Limited,英国,2008-08-28,汇丰银行
55,新加坡华侨银行股份有限公司,Oversea-Chinese Banking Corporation Limited,新加坡,2008-08-28,建设银行
56,首源投资（英国）有限公司,First Sentier Investors （UK）IM Limited,英国,2008-09-11,花旗银行
57,大和资产管理株式会社,Daiwa Asset Management Co. Ltd.,日本,2008-09-11,汇丰银行
58,普徕仕投资公司,"T. Rowe Price Associates, Inc.",美国,2008-09-12,汇丰银行
59,壳牌资产管理有限公司,Shell Asset Management Company B.V.,荷兰,2008-09-12,花旗银行
60,大华资产管理有限公司,UOB Asset Management Ltd,新加坡,2008-11-28,工商银行
61,阿布达比投资局,ABU Dhabi Investment Authority,阿联酋,2008-12-03,工商银行
62,安联环球投资有限公司,Allianz Global Investors GmbH,德国,2008-12-16,汇丰银行
63,资本国际公司,"Capital International, Inc.",美国,2008-12-18,汇丰银行
64,三菱日联摩根士丹利证券股份有限公司,"Mitsubishi UFJ Morgan Stanley Securities Co., Ltd.",日本,2008-12-29,中国银行
65,韩华资产运用株式会社,"Hanwha Asset Management Co., Ltd.",韩国,2009-02-05,工商银行
66,韩国产业银行,The Korea Development Bank,韩国,2009-04-23,建设银行
67,韩国友利银行股份有限公司,"Woori Bank Co., Ltd",韩国,2009-05-04,工商银行
68,马来西亚国家银行,Bank Negara Malaysia,马来西亚,2009-05-19,汇丰银行
69,邓普顿投资顾问有限公司,"Templeton Investment Counsel, LLC",美国,2009-06-05,汇丰银行
70,东亚联丰投资管理有限公司,BEA Union Investment Management Limited,中国香港,2009-06-18,工商银行
71,三井住友信托银行股份有限公司,"The Sumitomo Trust & Banking Co., Ltd.",日本,2009-06-26,花旗银行
72,韩国投资信托运用株式会社,"Korea Investment Management Co., Ltd",韩国,2009-07-21,工商银行
73,霸菱资产管理有限公司,Baring Asset Management Limited,英国,2009-08-06,汇丰银行
74,安石投资管理有限公司,Ashmore Investment Management Limited,英国,2009-09-14,汇丰银行
75,纽约梅隆资产管理国际有限公司,BNY Mellon Asset Management International Limited,英国,2009-11-06,建设银行
76,宏利投资管理（香港）有限公司,Manulife Investment Management (Hong Kong) Limited,中国香港,2009-11-20,工商银行
77,野村资产管理株式会社,"Nomura Asset Management CO., LTD",日本,2009-11-23,工商银行
78,友利资产运用株式会社,Woori Asset Management Corp.,韩国,2009-12-11,汇丰银行
79,加拿大皇家银行,Royal Bank of Canada,加拿大,2009-12-23,工商银行
80,英杰华投资集团全球服务有限公司,Aviva Investors Global Services Limited,英国,2009-12-28,工商银行
81,顶峰资产管理有限公司,"Asset Management One Co., Ltd.",日本,2010-04-20,汇丰银行
82,欧菲资产管理公司,OFI INVEST ASSET MANAGEMENT,法国,2010-05-21,渣打银行
83,安本亚洲有限公司,Abrdn Asia Limited,新加坡,2010-07-06,花旗银行
84,KB资产运用,"KB Asset Management Co., Ltd",韩国,2010-08-09,花旗银行
85,富达基金（香港）有限公司,FIL Investment Management (Hong Kong) Limited,中国香港,2010-09-01,汇丰银行
86,香港金融管理局,Hong Kong Monetary Authority,中国香港,2010-10-27,花旗银行
87,富邦证券投资信托股份有限公司,"Fubon Asset Management Co., Ltd.",中国台湾,2010-10-29,建设银行
88,群益证券投资信托股份有限公司,Capital Investment Trust Corporation,中国台湾,2010-10-29,汇丰银行
89,蒙特利尔银行投资公司,BMO Investments Inc.,加拿大,2010-12-06,工商银行
90,瑞士宝盛银行,"Bank Julius Bear & Co.,Ltd",瑞士,2010-12-14,花旗银行
91,科提比资产运用株式会社,"KTB Asset Management Co.,Ltd",韩国,2010-12-28,建设银行
92,领先资产管理,Lyxor Asset Management,法国,2011-02-16,建设银行
93,元大证券投资信托股份有限公司,"Yuanta Securities Investment Trust Co.,Ltd.",中国台湾,2011-03-04,农业银行
94,忠利保险有限公司,Assicurazioni Generali S.p.A.,意大利,2011-03-18,工商银行
95,西班牙对外银行有限公司,"Banco Bilbao Vizcaya Argentaria, S.A.",西班牙,2011-05-06,中信银行
96,国泰证券投资信托股份有限公司,"Cathay Securities Investment Trust Co., Ltd.",中国台湾,2011-06-09,农业银行
97,复华证券投资信托股份有限公司,Fuh Hwa Securities Investment Trust Co. Ltd.,中国台湾,2011-06-09,花旗银行
98,亢简资产管理公司,Comgest S.A.,法国,2011-06-24,德意志银行
99,贝莱德机构信托公司,"BlackRock Institutional Trust Company, N.A.",美国,2011-07-14,汇丰银行
100,东方汇理资产管理香港有限公司,Amundi Hong Kong Limited,中国香港,2011-07-14,建设银行
101,GMO有限责任公司,"Grantham, Mayo, Van Otterloo & Co.LLC",美国,2011-08-09,汇丰银行
102,新加坡金融管理局,Monetary Authority of Singapore,新加坡,2011-10-08,汇丰银行
103,凯基人寿保险股份有限公司,KGI LIFE INSURANCE CO. LTD,中国台湾,2011-10-26,建设银行
104,新光人寿保险股份有限公司,"Shin Kong Life Insurance Co., Ltd.",中国台湾,2011-10-26,中国银行
105,普林斯顿大学,Princeton University,美国,2011-11-25,汇丰银行
106,泛达公司,Van Eck Associates Corporation,美国,2011-12-09,工商银行
107,加拿大年金计划投资委员会,Canada Pension Plan Investment Board,加拿大,2011-12-09,汇丰银行
108,瀚博环球投资公司,"Hansberger Global Investors, Inc.",美国,2011-12-13,渣打银行
109,安耐德合伙人有限公司,EARNEST Partners LLC,美国,2011-12-13,建设银行
110,泰国银行,The Bank of Thailand,泰国,2011-12-16,汇丰银行
111,博时基金（国际）有限公司,,中国香港,2011-12-21,汇丰银行
112,大成国际资产管理有限公司,,中国香港,2011-12-21,中国银行
113,华安资产管理（香港）有限公司,,中国香港,2011-12-21,建设银行
114,科威特政府投资局,Kuwait Investment Authority,科威特,2011-12-21,工商银行
115,北美信托环球投资公司,Northern Trust Global Investments Limited,英国,2011-12-21,交通银行
116,台湾人寿保险股份有限公司,"Taiwan Life Insurance Co., Ltd.",中国台湾,2011-12-21,工商银行
117,韩国银行,Bank of Korea,韩国,2011-12-21,汇丰银行
118,华夏基金（香港）有限公司,,中国香港,2011-12-21,中国银行
119,汇添富资产管理（香港）有限公司,,中国香港,2011-12-21,中国银行
120,嘉实国际资产管理有限公司,,中国香港,2011-12-21,汇丰银行
121,南方东英资产管理有限公司,,中国香港,2011-12-21,汇丰银行
122,易方达资产管理（香港）有限公司,,中国香港,2011-12-21,建设银行
123,中国国际金融（国际）有限公司,China International Capital Corporation (International) Limited,中国香港,2011-12-22,渣打银行
124,国信证券（香港）金融控股有限公司,,中国香港,2011-12-22,中国银行
125,光大证券国际控股有限公司,Everbright Securities International Holdings Limited,中国香港,2011-12-22,工商银行
126,华泰金融控股（香港）有限公司,,中国香港,2011-12-22,中国银行
127,国泰海通金融控股有限公司,GUOTAI HAITONG  FINANCIAL HOLDINGS LIMITED,中国香港,2011-12-22,工商银行
128,海通国际控股有限公司,,中国香港,2011-12-22,汇丰银行
129,广发控股（香港）有限公司,GF Holdings (Hong Kong) Corporation Limited,中国香港,2011-12-22,工商银行
130,招商证券国际有限公司,,中国香港,2011-12-22,交通银行
131,申万宏源（国际）集团有限公司,Shenwan Hongyuan (International) Holdings Limited,中国香港,2011-12-22,交通银行
132,中信证券国际有限公司,,中国香港,2011-12-22,中国银行
133,国投证券国际金融控股有限公司,SDIC Securities International Financial Holdings Limited,中国香港,2011-12-22,中国银行
134,国元国际控股有限公司,,中国香港,2011-12-22,中国银行
135,安大略省教师养老金计划委员会,Ontario Teachers' Pension Plan Board,加拿大,2011-12-22,汇丰银行
136,罗素投资爱尔兰有限公司,Russell Investments Ireland Limited,爱尔兰,2011-12-28,汇丰银行
137,韩国投资公司,Korea Investment Corporation,韩国,2011-12-28,汇丰银行
138,迈世勒资产管理有限责任公司,Metzler Asset Management GmbH,德国,2011-12-31,工商银行
139,华宜资产运用有限公司,"VI Asset Management Co., Ltd",韩国,2011-12-31,工商银行
140,国民年金公团（韩国）,National Pension Service,韩国,2012-01-05,汇丰银行
141,新韩资产运用株式会社,"Shinhan Asset Management Co., Ltd.",韩国,2012-01-05,汇丰银行
142,三商美邦人寿保险股份有限公司,"Mercuries Life Insurance Co,Ltd",中国台湾,2012-01-30,汇丰银行
143,玉山证券投资信托股份有限公司,"E.Sun Asset Management Co.,Ltd.",中国台湾,2012-01-31,汇丰银行
144,信安环球投资有限公司,Principal Global Investors LLC,美国,2012-01-31,建设银行
145,全球人寿保险股份有限公司,TransGlobe Life Insurance Inc.,中国台湾,2012-02-03,花旗银行
146,大众信托基金有限公司,Public Mutual Berhad,马来西亚,2012-02-03,花旗银行
147,明治安田资产管理有限公司,Meiji Yasuda Asset Management Company Ltd.,日本,2012-02-27,花旗银行
148,国泰人寿保险股份有限公司,"Cathay Life Insurance Co., LTD.",中国台湾,2012-02-28,中国银行
149,富邦人寿保险股份有限公司,Fubon Life Insurance Co. Ltd,中国台湾,2012-03-01,花旗银行
150,友邦保险有限公司,AIA Company Limited,中国香港,2012-03-05,中国银行
151,纽伯格伯曼欧洲有限公司,Neuberger Berman Europe Limited,英国,2012-03-05,工商银行
152,马来西亚国库控股公司,KHAZANAH NASIONAL BERHAD,马来西亚,2012-03-07,工商银行
153,资本研究与管理公司,Capital Research and Management Company,美国,2012-03-09,汇丰银行
154,日本东京海上资产管理株式会社,"Tokio Marine Asset Management Co.,Ltd",日本,2012-03-14,汇丰银行
155,韩亚证券株式会社,"HANA SECURITIES CO., LTD",韩国,2012-03-29,汇丰银行
156,兴元资产管理有限公司,"Genesis Asset Managers,LLP",美国,2012-03-30,德意志银行
157,伦敦市投资管理有限公司,City of London Investment Managementi Company Limited,英国,2012-03-30,汇丰银行
158,摩根资产管理（英国）有限公司,JPMorgan Asset Management (UK) Limited,英国,2012-03-30,工商银行
159,思佰益冈三资产管理股份有限公司,"SBI Okasan Asset Management Co.,Ltd",日本,2012-03-30,汇丰银行
160,预知投资管理公司,Prescient Investment Management PTY LTD,南非,2012-04-18,工商银行
161,DB资产运用株式会社,"Dongbu Asset Management Co.,Ltd.",韩国,2012-04-20,建设银行
162,骏利亨德森投资英国有限公司,JANUS HENDERSON INVESTORS UK LIMITED,英国,2012-04-28,渣打银行
163,欧利盛资产管理有限公司,Eurizon Capital S.A.,卢森堡,2012-05-02,工商银行
164,中银国际英国保诚资产管理有限公司,BOCI-Prudential Asset Management Limited,中国香港,2012-05-03,渣打银行
165,富敦资金管理有限公司,Fullerton Fund Management Company Ltd,新加坡,2012-05-04,汇丰银行
166,利安资金管理公司,Lion Global Investors Limited,新加坡,2012-05-07,中国银行
167,忠利银行基金管理卢森堡有限责任公司,BG FUND MANAGEMENT LUXEMBOURG S.A.,卢森堡,2012-05-23,建设银行
168,威廉-博莱公司,"William Blair & Company,L.L.C.",美国,2012-05-24,汇丰银行
169,晋达英国有限公司,Ninety One UK Limited,英国,2012-05-28,汇丰银行
170,安智投资管理亚太（香港）有限公司,ING Investment Management Aisa Pacific (Hong Kong) Limited,中国香港,2012-06-04,花旗银行
171,三菱日联资产管理公司,"Mitsubishi UFJ Asset Management Co., Ltd.",日本,2012-06-04,汇丰银行
172,中银集团人寿保险有限公司,BOC Group Life Assurance Company Limited,中国香港,2012-07-12,农业银行
173,派斯通家族基金办公室有限责任公司,"Pathstone Family Office, LLC",美国,2012-08-06,花旗银行
174,得克萨斯大学体系董事会,Board of Regents of The University of Texas System,美国,2012-08-06,汇丰银行
175,南山人寿保险股份有限公司,"Nan Shan Life Insurance Company,Ltd.",中国台湾,2012-08-06,工商银行
176,工银瑞信资产管理（国际）有限公司,ICBC UBS Asset Management (International) Company Limited,中国香港,2012-08-07,汇丰银行
177,广发国际资产管理有限公司,,中国香港,2012-08-07,工商银行
178,SUVA瑞士国家工伤保险机构,Suva,瑞士,2012-08-13,花旗银行
179,不列颠哥伦比亚省投资管理公司,British Columbia Investment Management Corporation,加拿大,2012-08-17,汇丰银行
180,惠理基金管理香港有限公司,Value Partners Hong Kong Limited,中国香港,2012-08-21,汇丰银行
181,安大略退休金管理委员会,Ontario Pension Board,加拿大,2012-08-29,汇丰银行
182,教会养老基金,The Church Pension Fund,美国,2012-08-31,工商银行
183,麦格理银行有限公司,Macquarie Bank Limited,澳大利亚,2012-09-04,汇丰银行
184,海通国际资产管理（香港）有限公司,Haitong International Asset Management (HK) Limited,中国香港,2012-09-20,交通银行
185,IDG资本管理（香港）有限公司,IDG CAPITAL MANAGEMENT (HK) LIMITED,中国香港,2012-09-20,建设银行
186,瑞典第二国家养老基金,Andra AP-fonden,瑞典,2012-09-20,汇丰银行
187,杜克大学,Duke University,美国,2012-09-24,工商银行
188,卡塔尔控股有限责任公司,Qatar Holding LLC,卡塔尔,2012-09-25,中国银行
189,瑞士盈丰银行股份有限公司,EFG Bank AG,瑞士,2012-09-26,花旗银行
190,贝莱德资产管理北亚有限公司,BlackRock Asset Management North Asia Limited,中国香港,2012-10-26,汇丰银行
191,海拓投资管理公司,Cutwater Investor Services Corporation,美国,2012-10-26,中国银行
192,奥博医疗顾问有限公司,OrbiMed Advisors LLC,美国,2012-10-26,花旗银行
193,摩根证券投资信托股份有限公司,JPMorgan Asset Management Taiwan,中国台湾,2012-11-05,建设银行
194,全球保险集团美国投资管理有限公司,"AEGON USA Investment Management, LLC",美国,2012-11-05,花旗银行
195,鼎晖投资咨询新加坡有限公司,CDH Investment Advisory Private Limited,新加坡,2012-11-07,建设银行
196,瑞典北欧斯安银行有限公司,Skandinaviska Enskilda Banken AB(publ),瑞典,2012-11-12,中国银行
197,道明资产管理有限公司,TD Asset Management Inc.,加拿大,2012-11-21,汇丰银行
198,统一证券投资信托股份有限公司,Uni-President Assets Management Corporation,中国台湾,2012-11-21,汇丰银行
199,毕盛资产管理有限公司,APS Asset Management Pte Ltd,新加坡,2012-11-27,建设银行
200,中信证券资产管理（香港）有限公司,CITIC Securities Asset Management (HK) Limited,中国香港,2012-12-11,工商银行
201,太平洋投资策略有限公司,Pacific Alliance Investment Management (HK) Limited,中国香港,2012-12-11,建设银行
202,HHLR管理有限公司,HHLR Management Pte. Ltd,新加坡,2012-12-11,建设银行
203,永丰证券投资信托股份有限公司,"SinoPac Securities Investment Trust Co.,Ltd",中国台湾,2012-12-13,工商银行
204,富国资产管理（香港）有限公司,,中国香港,2012-12-17,中国银行
205,宜思投资管理有限责任公司,East Capital AB,瑞典,2013-01-07,花旗银行
206,第一金证券投资信托股份有限公司,"First Securities Investment Trust Co., Ltd.",中国台湾,2013-01-24,汇丰银行
207,瑞银资产管理（香港）有限公司,UBS Asset Management (Hong Kong ) Ltd,中国香港,2013-01-24,汇丰银行
208,太平洋投资管理公司亚洲私营有限公司,PIMCO Asia Pte Ltd,新加坡,2013-01-24,汇丰银行
209,EJS投资管理有限公司,EJS Investment Management S.A.,瑞士,2013-01-31,交通银行
210,国泰君安资产管理（亚洲）有限公司,Guotai Junan Assets (Asia) Limited,中国香港,2013-02-21,渣打银行
211,诺安基金（香港）有限公司,,中国香港,2013-02-22,工商银行
212,招商证券资产管理（香港）有限公司,"CMS Asset Management (HK) Co., Limited",中国香港,2013-02-22,交通银行
213,泰康资产管理（香港）有限公司,Taikang Asset Management (HK) Company Limited,中国香港,2013-02-22,工商银行
214,国民证券株式会社,"KB Securities co., Ltd.",韩国,2013-03-22,建设银行
215,工银资管（全球）有限公司,ICBC Asset Management (Global) Company Limited,中国香港,2013-03-25,建设银行
216,建银国际资产管理有限公司,CCB International Asset Management Limited,中国香港,2013-03-25,工商银行
217,Azimut投资股份有限公司,Azimut Investments S.A.,卢森堡,2013-04-11,汇丰银行
218,亚洲资本再保险集团私人有限公司,Asia Capital Reinsurance Group Pte. Ltd.,新加坡,2013-04-11,花旗银行
219,兴证（香港）金融控股有限公司,,中国香港,2013-04-25,兴业银行
220,台新证券投资信托股份有限公司,"Taishin Securities Investment Trust Co., Ltd.",中国台湾,2013-04-27,建设银行
221,汇丰证券投资信托股份有限公司,HSBC Global Asset Management (Taiwan) Limited,中国台湾,2013-05-10,交通银行
222,农银国际资产管理有限公司,ABCI Asset Management Limited,中国香港,2013-05-15,中国银行
223,太平资产管理（香港）有限公司,Taiping Assets Management (HK) Company Limited,中国香港,2013-05-15,建设银行
224,东吴证券（国际）金融控股有限公司,Soochow Securities (International) Financial Holding Limited,中国香港,2013-05-16,中国银行
225,中国国际金融香港资产管理有限公司,China International Capital Corporation Hong Kong Asset Management Limited,中国香港,2013-05-16,建设银行
226,东方金融控股（香港）有限公司,,中国香港,2013-05-23,中国银行
227,中国光大资产管理有限公司,China Everbright Assets Management Limited,中国香港,2013-05-30,汇丰银行
228,恒生投资管理有限公司,Hang Seng Investment Management Limited,中国香港,2013-06-04,建设银行
229,兆丰国际证券投资信托股份有限公司,"Mega International Investment Trust Co., Ltd.",中国台湾,2013-06-04,德意志银行
230,法国巴黎投资管理亚洲有限公司,BNP Paribas Investment Partners Asia Limited,中国香港,2013-06-19,中国银行
231,横华国际资产管理有限公司,"HGNH International Asset Management Co.,Limited",中国香港,2013-07-15,交通银行
232,长江证券国际金融集团有限公司,Changjiang Securities International Financial Group Limited,中国香港,2013-07-15,中国银行
233,纽堡亚洲,Newport Asia LLC,美国,2013-07-15,汇丰银行
234,华南永昌证券投资信托股份有限公司,HUA NAN INVESTMENT TRUST CORPORATION,中国台湾,2013-07-15,花旗银行
235,景林资产管理香港有限公司,Greenwoods Asset Management Hong Kong Limited,中国香港,2013-07-15,汇丰银行
236,中银香港资产管理有限公司,BOCHK Asset Management Limited,中国香港,2013-07-15,农业银行
237,中国平安资产管理（香港）有限公司,Ping An of China Asset Management (Hong Kong) Company Limited,中国香港,2013-07-19,中国银行
238,信达国际资产管理有限公司,Cinda International Asset Management Limited,中国香港,2013-07-19,建设银行
239,弘收投资管理（香港）有限公司,Income Partners Asset Management (HK) Limited,中国香港,2013-07-19,工商银行
240,东亚银行有限公司,"The Bank of East Asia, Limited",中国香港,2013-08-15,中国银行
241,永丰金资产管理（亚洲）有限公司,SinoPac Asset Management (Asia) Ltd.,中国香港,2013-08-15,工商银行
242,交银国际资产管理有限公司,BOCOM International Asset Management Limited,中国香港,2013-08-20,汇丰银行
243,中国东方国际资产管理有限公司,China Orient International Asset Management Limited,中国香港,2013-08-20,中国银行
244,中国信托人寿保险股份有限公司,"CTBC Life Insurance Co., Ltd.",中国台湾,2013-08-20,中国银行
245,凯思博投资管理（香港）有限公司,Keywise Capital Management (HK) Limited,中国香港,2013-08-20,工商银行
246,富邦产物保险股份有限公司,FUBON INSURANCE COMPANY LIMITED,中国台湾,2013-08-26,工商银行
247,欧特咨询有限公司,Alta Advisers Limited,英国,2013-08-26,汇丰银行
248,盛树投资管理有限公司,Flowering Tree Investment Manangement Pte. Ltd.,新加坡,2013-08-26,汇丰银行
249,柏瑞投资香港有限公司,PineBridge Investments Hong Kong Limited,中国香港,2013-09-26,汇丰银行
250,创兴银行有限公司,Chong Hing Bank Limited,中国香港,2013-09-26,建设银行
251,梅奥诊所,Mayo Clinic,美国,2013-09-29,汇丰银行
252,国信证券（香港）资产管理有限公司,Guosen Securities (HK) Asset Management Company Limited,中国香港,2013-09-29,工商银行
253,政府养老基金（泰国）,Government Pension Fund,泰国,2013-10-24,建设银行
254,CSAM资产管理有限公司,CSAM Asset Management Pte Ltd,新加坡,2013-10-30,建设银行
255,摩根资产管理（亚太）有限公司,JPMorgan Asset Management (Asia Pacific）Limited,中国香港,2013-10-30,建设银行
256,未来资产环球投资（香港）有限公司,Mirae Asset Global Investments (Hong Kong) Limited,中国香港,2013-10-30,花旗银行
257,香港沪光国际投资管理有限公司,SHANGHAI INTERNATIONAL ASSET MANAGEMENT(HONG KONG) COMPANY LIMITED,中国香港,2013-10-30,中国银行
258,中信建投（国际）金融控股有限公司,,中国香港,2013-10-30,中国银行
259,狮诚控股国际私人有限公司,SeaTown Holdings International Pte. Ltd.,新加坡,2013-10-30,汇丰银行
260,中国人寿富兰克林资产管理有限公司,"China Life Franklin Asset Management Co., Limited",中国香港,2013-10-30,建设银行
261,韩亚资产运用株式会社,Hana Asset Management Company Ltd.,韩国,2013-10-31,汇丰银行
262,国泰世华商业银行股份有限公司,"Cathay United Bank Co., Ltd.",中国台湾,2013-11-07,工商银行
263,立陶宛银行,Bank of Lithuania,立陶宛,2013-11-23,汇丰银行
264,富兰克林华美证券投资信托股份有限公司,Franklin Templeton SinoAM SIM Inc.,中国台湾,2013-11-23,农业银行
265,中国信托商业银行股份有限公司,"CTBC Bank Co., Ltd.",中国台湾,2013-11-23,中国银行
266,国金证券（香港）有限公司,Sinolink Securities (Hong Kong) Company Limited,中国香港,2013-12-06,建设银行
267,中国银河国际控股有限公司,CGS INTERNATIONAL HOLDINGS LIMITED,中国香港,2013-12-11,汇丰银行
268,招商永隆资产管理有限公司,CMB Wing Lung Asset Management Limited,中国香港,2013-12-30,交通银行
269,承壹投资管理有限公司,"Veracity Investment Co., Limited",中国香港,2014-01-20,中国银行
270,易亚投资管理有限公司,Enhanced Investment Products Limited,中国香港,2014-01-20,德意志银行
271,华盛顿大学,The Washington University,美国,2014-01-23,汇丰银行
272,澳门金融管理局,Monetary Authority of Macao,中国澳门,2014-01-27,中国银行
273,史帝夫尼可洛司股份有限公司,"Stifel Nicolaus & Company, Inc.",美国,2014-01-27,汇丰银行
274,Invesco PowerShares资产管理有限公司,Invesco PowerShares Capital Management LLC,美国,2014-01-27,建设银行
275,瑞士再保险亚洲私人有限公司,Swiss RE Asia PTE. LTD.,瑞士,2014-01-27,汇丰银行
276,Nordea投资管理公司,Nordea Investment Management AB,瑞典,2014-01-27,汇丰银行
277,嘉理资产管理有限公司,Galaxy Asset Management (H.K.) Limited,中国香港,2014-03-06,建设银行
278,施罗德投资管理（香港）有限公司,Schroder Investment Management (Hong Kong) Limited,中国香港,2014-03-06,汇丰银行
279,街口证券投资信托股份有限公司,"JKO Asset Management Co., Ltd.",中国台湾,2014-03-11,工商银行
280,喀斯喀特有限责任公司,"Cascade Investment, L.L.C.",美国,2014-03-11,德意志银行
281,铭基国际投资公司,"Matthews International Capital Management, LLC",美国,2014-03-12,汇丰银行
282,奥本海默基金公司,"Oppenheimer Funds, Inc.",美国,2014-03-19,汇丰银行
283,越秀资产管理有限公司,Yue Xiu Asset Management Limited,中国香港,2014-03-26,中国银行
284,润晖投资管理香港有限公司,Cephei Capital Management (Hong Kong) Limited,中国香港,2014-03-27,建设银行
285,高观投资有限公司,Overlook Investments Limited,中国香港,2014-04-08,汇丰银行
286,赤子之心资本亚洲有限公司,Pureheart Capital Asia Limited,中国香港,2014-04-15,花旗银行
287,奥明资产管理亚洲有限公司,Amova Asset Management Asia Limited,新加坡,2014-05-21,汇丰银行
288,辉立资本管理（香港）有限公司,Phillip Capital Management (HK) Ltd,中国香港,2014-06-03,渣打银行
289,台新国际商业银行股份有限公司,Taishin International Bank,中国台湾,2014-06-03,建设银行
290,长盛基金（香港）有限公司,Changsheng Fund Management (H.K.) Limited,中国香港,2014-06-12,工商银行
291,贝莱德顾问（英国）有限公司,BlackRock Advisors (UK) Limited,英国,2014-06-13,汇丰银行
292,汇丰环球资产管理（英国）有限公司,HSBC Global Asset Management (UK) Limited,英国,2014-06-16,交通银行
293,花旗集团基金管理有限公司,Citigroup First Investment Management Limited,中国香港,2014-06-16,德意志银行
294,中泰金融国际有限公司,Zhongtai Financial International Limited,中国香港,2014-06-27,交通银行
295,三星资产运用（香港）有限公司,Samsung Asset Management (Hong Kong) Limited,中国香港,2014-06-30,汇丰银行
296,爱斯普乐基金管理公司,"ASSETPLUS Investment Management Co., Ltd.",韩国,2014-07-24,花旗银行
297,新华资产管理（香港）有限公司,New China Asset Management (Hong Kong) Limited,中国香港,2014-07-24,建设银行
298,彭博家族基金会,The Bloomberg Family Foundation Inc.,美国,2014-07-25,汇丰银行
299,石溪集团,"The Rock Creek Group, LP.",美国,2014-07-28,花旗银行
300,财通国际资产管理有限公司,"Caitong International Asset Management Co., Limited",中国香港,2014-08-12,工商银行
301,联博香港有限公司,AllianceBernstein Hong Kong Limited,中国香港,2014-08-12,建设银行
302,元大证券（香港）有限公司,Yuanta Securities (Hong Kong) Company Limited,中国香港,2014-08-15,中国银行
303,安本亚洲有限公司,Abrdn Asia Limited,新加坡,2014-08-15,花旗银行
304,法国巴黎资产管理（欧洲）,BNP PARIBAS ASSET MANAGEMENT Europe,法国,2014-08-27,汇丰银行
305,凯敏雅克资产管理公司,Carmignac Gestion,法国,2014-09-19,汇丰银行
306,麻省理工学院,Massachusetts Institute of Technology,美国,2014-09-19,汇丰银行
307,万金全球香港有限公司,Viking Global Hong Kong Limited,中国香港,2014-09-22,花旗银行
308,高盛国际,Goldman Sachs International,英国,2014-09-22,汇丰银行
309,融通国际资产管理有限公司,Rongtong Global Investment Limited,中国香港,2014-10-08,工商银行
310,上海商业银行有限公司,Shanghai Commercial Bank Limited,中国香港,2014-10-13,交通银行
311,中诚国际资本有限公司,CCTIC International Limited,中国香港,2014-10-31,交通银行
312,亨茂资产管理有限公司,Hamon Asset Management Limited,中国香港,2014-11-19,工商银行
313,赛德堡资本（英国）有限公司,Cederberg Capital UK LLP,英国,2014-11-19,建设银行
314,霸菱资产管理（亚洲）有限公司,Baring Asset Management (Asia) Limited,中国香港,2014-11-25,汇丰银行
315,信安资金管理（亚洲）有限公司,Principal Asset Management Company (Asia) Limited,中国香港,2014-11-25,建设银行
316,施罗德投资管理（新加坡）有限公司,Schroder Investment Management  (Singapore) Ltd,新加坡,2014-12-01,汇丰银行
317,未来资产环球投资有限公司,"Mirae Asset Global Investment Co., Ltd",韩国,2014-12-04,工商银行
318,威灵顿投资管理国际有限公司,Wellington Management International Limited,英国,2014-12-10,汇丰银行
319,摩根资产管理（新加坡）有限公司,JPMorgan Asset Management (Singapore) Limited,新加坡,2014-12-24,建设银行
320,NH-AMUNDI资产管理有限公司,"NH-AMUNDI Asset Management Co., Ltd.",韩国,2014-12-26,汇丰银行
321,加百利投资管理（香港）有限公司,Total Invest Group Asset Management (Hong Kong) Limited,中国香港,2014-12-26,中国银行
322,申万宏源投资管理（亚洲）有限公司,Shenwan Hongyuan Asset Management (Asia) Limited,中国香港,2014-12-30,工商银行
323,宾夕法尼亚大学校董会,Trustees of the University of Pennsylvania,美国,2015-01-05,汇丰银行
324,广发资产管理（香港）有限公司,GF Asset Management (Hong Kong) Limited,中国香港,2015-01-07,工商银行
325,路博迈新加坡有限公司,Neuberger Berman Singapore Pte. Limited,新加坡,2015-01-22,渣打银行
326,TRUSTON资产管理有限公司,"TRUSTON Asset Management Co., Ltd.",韩国,2015-01-22,汇丰银行
327,大信资产运用株式会社,"Daishin Asset Management Co., Ltd.",韩国,2015-01-22,中国银行
328,麦盛资产管理（亚洲）有限公司,Munsun Asset Management (Asia) Limited,中国香港,2015-01-22,兴业银行
329,景顺投资管理有限公司,Invesco Hong Kong Limited,中国香港,2015-02-06,汇丰银行
330,MY Asset投资管理有限公司,"MY Asset Investment  Management Co., Ltd.",韩国,2015-02-06,汇丰银行
331,新韩投资证券股份有限公司,"Shinhan Securities Co., Ltd.",韩国,2015-02-16,汇丰银行
332,兴国资产管理,Heungkuk Asset Management,韩国,2015-02-16,汇丰银行
333,英杰华投资亚洲私人有限公司,Aviva Investors Asia Pte. Limited,新加坡,2015-02-17,汇丰银行
334,玉山商业银行股份有限公司,"E.SUN COMMERCIAL BANK, LTD.",中国台湾,2015-02-27,中国银行
335,KKR新加坡有限公司,KKR Singapore Pte. Ltd.,新加坡,2015-03-02,建设银行
336,领航投资澳洲有限公司,Vanguard Investment Australia Ltd,澳大利亚,2015-03-02,汇丰银行
337,兴元投资管理有限公司,"Genesis Investment Management, LLP",英国,2015-03-06,德意志银行
338,未来资产证券 株式会社,"MIRAE ASSET SECURITIES CO., LTD.",韩国,2015-03-25,汇丰银行
339,加利福尼亚大学校董会,The Regents of the University of California,美国,2015-03-25,德意志银行
340,信诚资产管理（新加坡）有限公司,Reliance Asset Management (Singapore) Pte. Ltd.,新加坡,2015-03-31,德意志银行
341,三星生命保险（株）,"Samsung Life Insurance Co., Ltd.",韩国,2015-03-31,中国银行
342,教保安盛资产运用（株）,"Kyobo AXA Investment Managers Co., Ltd.",韩国,2015-04-02,汇丰银行
343,凯济基金管理有限公司,KCGI Asset Management Company,韩国,2015-04-08,交通银行
344,安联环球投资新加坡有限公司,Allianz Global Investors Singapore Limited,新加坡,2015-04-08,汇丰银行
345,方圆基金管理（香港）有限公司,Prudence Investment Management (Hong Kong) Ltd.,中国香港,2015-04-08,中国银行
346,三星证券株式会社,"Samsung Securities Co., Ltd",韩国,2015-04-17,汇丰银行
347,GAM国际管理有限公司,GAM International Management Limited,英国,2015-04-17,汇丰银行
348,华宜资产运用株式会社,HI Asset Management,韩国,2015-05-06,工商银行
349,文莱投资局,Brunei Investment Agency,文莱,2015-05-07,渣打银行
350,台湾银行股份有限公司,Bank of Taiwan,中国台湾,2015-05-20,汇丰银行
351,淡水泉（香港）投资管理有限公司,Springs Capital (Hong Kong) Limited,中国香港,2015-05-20,汇丰银行
352,安联证券投资信托股份有限公司,Allianz Global Investors Taiwan Limited,中国台湾,2015-05-21,德意志银行
353,瑞士再保险股份有限公司,Swiss Reinsurance Company Ltd,瑞士,2015-06-02,汇丰银行
354,国投证券资产管理（香港）有限公司,SDIC Securities Asset Management (Hong Kong) Limited,中国香港,2015-06-02,渣打银行
355,CI投资管理公司,CI Investments Inc.,加拿大,2015-06-29,汇丰银行
356,元大证券株式会社,"Yuanta Securities Korea Co., Ltd.",韩国,2015-07-28,汇丰银行
357,大信证券（株）,"Daishin Securities Co., Ltd",韩国,2015-07-28,汇丰银行
358,UBI资产管理公司,Union Bancaire Gestion Institutionnelle (France) SAS,法国,2015-07-28,工商银行
359,韩国投资证券株式会社,"Korea Investment & Securities Co., Ltd.",韩国,2015-08-10,汇丰银行
360,IBK投资证券株式会社,"IBK Securities Co., Ltd.",韩国,2015-08-10,汇丰银行
361,三星火灾海上保险公司,"Samsung Fire & Marine Insurance Co., Ltd.",韩国,2015-08-31,汇丰银行
362,东方汇理资产管理新加坡有限公司,Amundi Singapore Limited,新加坡,2015-08-31,农业银行
363,忠诚保险有限公司,"Fidelidade-Companhia de Seguros, S.A.",葡萄牙,2015-08-31,工商银行
364,东方汇理资产管理,Amundi Asset Management,法国,2015-09-17,汇丰银行
365,Kiwoom投资资产管理有限公司,"Kiwoom Asset Management Co., Ltd",韩国,2015-09-23,汇丰银行
366,现代投资公司（株）,"Hyundai Investments Co., Ltd",韩国,2015-10-09,汇丰银行
367,挚信投资顾问（香港）有限公司,TBP Investment Advisory (HK) Limited,中国香港,2015-10-12,汇丰银行
368,中国工商银行（欧洲）有限公司,Industrial and Commercial Bank of China (Europe) S.A.,卢森堡,2015-11-02,汇丰银行
369,瀚亚证券投资信托股份有限公司,Eastspring Securities Investment Trust Co. Ltd.,中国台湾,2015-11-02,汇丰银行
370,中国银行（欧洲）有限公司,Bank of China (Europe) S.A.,卢森堡,2015-11-03,渣打银行
371,柏瑞证券投资信托股份有限公司,PineBridge Investments Management Taiwan Limited,中国台湾,2015-11-24,花旗银行
372,保宁资本有限公司,Polunin Capital Partners Limited,英国,2016-01-13,花旗银行
373,贝莱德（新加坡）有限公司,BlackRock (Singapore) Limited,新加坡,2016-01-25,汇丰银行
374,野村资产管理欧洲有限公司,Nomura Asset Management Europe KVG mbH,德国,2016-02-01,汇丰银行
375,法国工商信贷银行有限公司,Credit Industriel et Commercial S.A.,法国,2016-02-22,渣打银行
376,忠利投资卢森堡有限公司,Generali Investments Luxembourg S.A.,卢森堡,2016-02-22,建设银行
377,OCTO资产管理公司,OCTO Asset Management,法国,2016-02-26,工商银行
378,Avanda投资管理私人有限公司,Avanda Investment Management Pte. Ltd.,新加坡,2016-03-15,汇丰银行
379,瀚亚投资（新加坡）有限公司,Eastspring Investments (Singapore) Limited,新加坡,2016-03-17,汇丰银行
380,国泰全球投资管理有限公司,Guotai Global Investments Limited,中国香港,2016-03-17,建设银行
381,广发金融交易（英国）有限公司,GF Financial Markets (UK) Limited,英国,2016-04-01,工商银行
382,安盛投资管理有限公司（巴黎）,AXA Investment Managers Paris,法国,2016-04-01,浦发银行
383,辉立资金管理有限公司,Phillip Capital Management (S) Ltd,新加坡,2016-04-26,工商银行
384,第一商业银行股份有限公司,"First Commercial Bank, Ltd.",中国台湾,2016-05-03,汇丰银行
385,迈达思基金管理有限公司,Midas International Asset Management Ltd.,韩国,2016-05-06,渣打银行
386,富达投资管理（新加坡）有限公司,Fidelity Investments (Singapore) Limited,新加坡,2016-06-06,花旗银行
387,爱德蒙得洛希尔资产管理（法国）有限公司,Edmond de Rothschild Asset Management (France),法国,2016-06-08,建设银行
388,荷宝卢森堡股份有限公司,Robeco Luxembourg S.A.,卢森堡,2016-06-08,德意志银行
389,有进投资证券公司,"Eugene Investment  & Securities Co., Ltd.",韩国,2016-08-12,汇丰银行
390,中国光大证券资产管理有限公司,China Everbright Securities Asset Management Limited,中国香港,2016-08-12,交通银行
391,株式会社新韩银行,"Shinhan Bank Co., Ltd.",韩国,2016-08-22,汇丰银行
392,领航集团有限公司,"The Vanguard Group, Inc.",美国,2016-09-01,汇丰银行
393,开泰基金管理有限公司,"Kasikorn Asset Management Co., Ltd",泰国,2016-09-09,汇丰银行
394,中邮创业国际资产管理有限公司,China Post & Capital Global Asset Management Limited,中国香港,2016-09-09,中国银行
395,摩根大通证券股份有限公司,J.P. Morgan Securities plc,英国,2016-09-28,汇丰银行
396,罗素投资管理（澳大利亚）有限公司,Russell Investment Management Limited,澳大利亚,2016-10-27,汇丰银行
397,贝莱德基金顾问公司,BlackRock Fund Advisors,美国,2016-11-25,汇丰银行
398,Lemanik资产管理股份有限公司,Lemanik Asset Management S.A.,卢森堡,2016-11-25,工商银行
399,东方汇理资产管理（卢森堡）公司,Amundi Luxembourg S.A.,卢森堡,2016-12-20,汇丰银行
400,招银国际资产管理有限公司,CMB International Asset Management Limited,中国香港,2017-01-05,中国银行
401,北银国际资产管理有限公司,BOB International Asset Management Company Limited,中国香港,2017-01-10,建设银行
402,信安资产管理有限公司,Principal Asset Management Berhad,马来西亚,2017-01-18,汇丰银行
403,Aware养老金私人有限公司,Aware Super Pty Ltd,澳大利亚,2017-01-18,汇丰银行
404,海通银行,"Haitong Bank, S.A.",葡萄牙,2017-02-13,花旗银行
405,范达投资有限公司,VanEck Investments Limited,澳大利亚,2017-02-23,工商银行
406,兴证国际资产管理有限公司,China Industrial Securities International Asset Management Limited,中国香港,2017-06-19,兴业银行
407,申万宏源新加坡私人有限公司,Shenwan Hongyuan Singapore Private Limited,新加坡,2017-07-27,中国银行
408,Acadian资产管理有限责任公司,Acadian Asset Management LLC,美国,2017-07-27,汇丰银行
409,山证国际资产管理有限公司,Shanxi Securities International Asset Management Limited,中国香港,2017-08-14,交通银行
410,新加坡联盟投资管理有限公司,Singapore Consortium Investment Management Limited,新加坡,2017-08-18,汇丰银行
411,WisdomTree资产管理公司,"WisdomTree Asset Management, Inc.",美国,2017-10-16,汇丰银行
412,荷兰汇盈资产管理公司,APG Asset Management N.V.,荷兰,2017-11-28,汇丰银行
413,海克利尔国际投资有限责任公司,Highclere International Investors LLP,英国,2018-01-08,汇丰银行
414,美国桥水投资公司,"Bridgewater Associates, LP",美国,2018-05-25,汇丰银行
415,道富环球投资爱尔兰有限公司,State Street Global Advisors Ireland Limited,爱尔兰,2018-05-31,汇丰银行
416,道富环球投资信托公司,State Street Global Advisors Trust Company,美国,2018-05-31,汇丰银行
417,道富环球投资资产管理有限公司,"SSGA Funds Management, Inc.",美国,2018-05-31,汇丰银行
418,道富环球投资有限公司,State Street Global Advisors Limited,英国,2018-05-31,汇丰银行
419,富善国际资产管理（香港）有限公司,Foresee Global Asset Management (HK) Limited,中国香港,2018-07-16,建设银行
420,WisdomTree管理有限公司,WisdomTree Management limited,爱尔兰,2018-08-15,汇丰银行
421,中泰国际资产管理有限公司,Zhongtai International Asset Management Limited,中国香港,2018-08-15,中国银行
422,耀之国际资产管理有限公司,"Yaozhi Asset Management International Co.,Limited",中国香港,2018-09-06,工商银行
423,三井住友银行股份有限公司,Sumitomo Mitsui Banking Corporation,日本,2018-09-30,汇丰银行
424,银华国际资本管理公司,Yinhua International Capital Management,中国香港,2018-10-08,建设银行
425,中国人保香港资产管理有限公司,PICC Asset Management (Hong Kong) Company Limited,中国香港,2018-10-12,建设银行
426,世通资产管理有限公司,Market Access Asset Management Limited,中国香港,2018-10-23,中国银行
427,瑞士嘉盛银行有限公司,Bank J.Safra Sarasin Ltd,瑞士,2018-11-20,建设银行
428,东吴新加坡资产管理（亚洲）有限公司,Soochow Singapore Asset Management (Asia) Pte. Ltd,新加坡,2018-12-03,中国银行
429,富达管理及研究公司有限责任公司,Fidelity Management & Research Company LLC,美国,2018-12-18,汇丰银行
430,盘谷资产管理有限公司,"BBL Asset Management Co.,LTD",泰国,2019-02-15,花旗银行
431,柏瑞投资爱尔兰有限公司,PineBridge Investments Ireland Limited,爱尔兰,2019-02-26,汇丰银行
432,思达资本（香港）有限公司,Zeta Capital (H.K.) Limited,中国香港,2019-02-27,中信银行
433,国际货币基金组织,International Monetary Fund,,2019-03-05,工商银行
434,野村新加坡有限公司,Nomura Singapore Limited,新加坡,2019-03-12,汇丰银行
435,乐瑞资产管理（香港）有限公司,"Lakefront Asset Management (HK) Co., Limited",中国香港,2019-04-17,工商银行
436,时和资产管理有限公司,Right Time Asset Management Company Limited,中国香港,2019-04-17,工商银行
437,三菱日联银行股份有限公司,"MUFG Bank, Ltd.",日本,2019-04-23,中国银行
438,新分享资产管理有限公司,Weshare Asset Management Limited,中国香港,2019-04-28,工商银行
439,国际金融公司,International Finance Corporation,,2019-07-01,花旗银行
440,泰京资产管理股份有限公司,Krung Thai Asset Management Public Company Limited,泰国,2019-07-03,中国银行
441,远信资本投资管理有限公司,Vision Capital Investment Management Limited,中国香港,2019-07-17,工商银行
442,方正资产管理（香港）有限公司,Founder Asset Management (Hong Kong) Limited,中国香港,2019-08-19,建设银行
443,新永安国际资产管理有限公司,Xin Yongan International Asset Management Company Limited,中国香港,2019-08-22,建设银行
444,马歇尔·伟世有限责任公司,Marshall Wace LLP,英国,2019-08-22,汇丰银行
445,熵一资产管理有限公司,Entropy Asset Management Limited,中国香港,2019-11-08,建设银行
446,思佰益资产管理株式会社,"SBI Asset Management Co., Ltd",日本,2019-11-14,民生银行
447,同方证券有限公司,Tongfang Securities Limited,中国香港,2019-11-26,交通银行
448,范德堡大学,The Vanderbilt University,美国,2019-11-26,汇丰银行
449,高都管理有限责任公司,"Coatue Management, L.L.C.",美国,2019-12-17,汇丰银行
450,复星国际证券有限公司,Fosun International Securities Limited,中国香港,2019-12-31,交通银行
451,喜马拉雅资本管理公司,Himalaya Capital Management LLC.,美国,2020-02-12,建设银行
452,易亚阿尔法投资管理有限公司,EIP Alpha Limited,中国香港,2020-02-25,德意志银行
453,绿洲管理（香港）,Oasis Management（Hong Kong）,中国香港,2020-03-25,德意志银行
454,金涌资本管理有限公司,Goldstream Capital Management Limited,中国香港,2020-04-01,建设银行
455,Join Asset国际资产运用株式会社,Join Asset Global Asset Management. Co. Ltd.,韩国,2020-04-01,工商银行
456,三井住友信托资产管理股份有限公司,"Sumitomo Mitsui Trust Asset Management Co., Ltd.",日本,2020-04-01,花旗银行
457,华德国际资产管理有限公司,Wonderland International Asset Management Limited,中国香港,2020-04-07,建设银行
458,WT资产管理有限公司,WT Asset Management Limited,中国香港,2020-05-07,建设银行
459,Baillie Gifford Overseas Limited,Baillie Gifford Overseas Limited,英国,2020-05-11,汇丰银行
460,首源投资（香港）有限公司,First Sentier Investors（Hong Kong）Limited,中国香港,2020-05-13,花旗银行
461,亚升资本私人有限公司,Astignes Capital Asia Pte. Ltd.,新加坡,2020-05-13,渣打银行
462,C.M. 资本顾问公司,"C.M. Capital Advisors, LLC.",美国,2020-05-13,建设银行
463,建行证券有限公司,CCB Securities Limited,中国香港,2020-06-02,交通银行
464,简街香港有限公司,Jane Street Hong Kong Limited,中国香港,2020-06-02,建设银行
465,九天管理（香港）有限公司,Empyrean Management (Hong Kong) Limited,中国香港,2020-08-13,建设银行
466,浦银国际投资管理有限公司,SPDB International Investment Management Limited,中国香港,2020-08-27,花旗银行
467,AHL有限责任合伙,AHL Partners LLP,英国,2020-08-27,汇丰银行
468,格盛投资管理有限责任公司,Gresham Investment Management LLC,美国,2020-08-27,汇丰银行
469,普徕仕国际有限公司,T. Rowe Price International Ltd,英国,2020-09-07,汇丰银行
470,晋达北美公司,"Ninety One North America,Inc.",美国,2020-09-10,汇丰银行
471,弘业国际资产管理有限公司,Holly International Asset Management Company Limited,中国香港,2020-09-27,建设银行
472,立方科研资产管理有限公司,Qube Research and Technologies Limited,英国,2020-09-28,花旗银行
473,析理资本有限公司,L&R Capital Limited,中国香港,2020-10-10,汇丰银行
474,琅润资本管理有限公司,Laurion Capital Management LP.,美国,2020-10-10,花旗银行
475,元盛资产管理有限公司,Winton Capital Management Limited,英国,2020-10-15,中国银行
476,HardingLoevner有限合伙,Harding Loevner LP,美国,2020-11-16,汇丰银行
477,瑞达国际资产管理（香港）有限公司,Rui Da International Asset Management (Hong Kong) Limited,中国香港,2020-11-16,星展银行
478,昊青咨询管理有限公司,Hao Advisors Management Limited,中国香港,2020-11-16,德意志银行
479,LAV环球管理有限公司,LAV Global Management Company Limited,开曼群岛,2020-11-16,建设银行
480,三星风险投资株式会社,Samsung Venture Investment Corporation,韩国,2020-11-16,建设银行
481,澳帝桦澳大利亚有限公司,Optiver Australia Pty Limited,澳大利亚,2020-11-16,建设银行
482,立鼎证券有限公司,Leading Securities Company Limited,中国香港,2020-11-16,建设银行
483,开域资本（新加坡）有限公司,Neo-Criterion Capital Singapore Pte Ltd,新加坡,2020-11-16,建设银行
484,博裕资本投资管理有限公司,"Boyu Capital Investment Management Co., Limited",中国香港,2020-11-16,花旗银行
485,ArtisanPartners有限合伙,Artisan Partners Limited Partnership,美国,2020-11-16,汇丰银行
486,西北投资管理（香港）有限公司,Northwest Investment Management (Hong Kong) Limited,中国香港,2020-11-16,花旗银行
487,璞林资本（香港）有限公司,Valliance Asset Management Limited,中国香港,2020-11-16,汇丰银行
488,布洛德峰投资顾问有限公司,Broad Peak Investment Advisers Pte Ltd,新加坡,2020-11-16,花旗银行
489,金信期盈证券（香港）有限公司,JQ Securities (Hong Kong) Limited,中国香港,2020-11-17,招商银行
490,联威投资有限公司,United Gain Investment Limited,中国香港,2020-11-17,中国银行
491,瑞士经纬投资有限公司,Longitude Asia Limited,中国香港,2020-11-17,星展银行
492,嘉谟证券有限公司,Gamma Securities Limited,中国香港,2020-11-23,建设银行
493,瑞明资本有限公司,Solomon Capital Management Limited,中国香港,2020-11-23,星展银行
494,利臻投资顾问有限公司,Legend Arb Advisors Limited,中国香港,2020-11-25,星展银行
495,未来资产证券（香港）有限公司,Mirae Asset Securities (HK) Limited,中国香港,2020-12-03,中国银行
496,中国银行（新西兰）有限公司,Bank of China (New Zealand) Limited,新西兰,2020-12-03,工商银行
497,民银资产管理有限公司,CMBC Asset Management Company Limited,中国香港,2020-12-07,招商银行
498,美国华平有限公司,Warburg Pincus LLC,美国,2020-12-07,花旗银行
499,平安证券（香港）资产管理有限公司,Ping An Securities (Hong Kong) Asset Management Company Limited,中国香港,2020-12-07,工商银行
500,维世资产管理（香港）有限公司,"VS Partners (Hong Kong) Co., Limited",中国香港,2020-12-10,星展银行
501,巨柏资产管理（香港）有限公司,Greatpage Capital Company Limited,中国香港,2020-12-15,星展银行
502,雅典娜私人有限公司,Athenaeum Private Limited,新加坡,2020-12-15,星展银行
503,建信资产管理（香港）有限公司,CCB Principal Asset Management(Hong Kong)Co.Limited,中国香港,2020-12-15,招商银行
504,中信信惠国际资本（香港）有限公司,CTI Capital Hong Kong Limited,中国香港,2020-12-15,建设银行
505,德弘美元基金管理公司,"DCP Management, Ltd.",开曼群岛,2020-12-14,花旗银行
506,彬元资本有限公司,Bin Yuan Capital Limited,中国香港,2020-12-14,德意志银行
507,中欧基金国际有限公司,Zhong Ou Asset Management Limited,中国香港,2020-12-14,建设银行
508,凯雷毛里求斯CIS投资管理有限公司,Carlyle Mauritius CIS Investment Management Limited,毛里求斯,2020-12-14,花旗银行
509,BFAM合伙（香港）有限公司,BFAM Partners (Hong Kong) Limited,中国香港,2020-12-14,汇丰银行
510,幻方资本管理（香港）有限公司,High-Flyer Capital Management (Hong Kong) Limited,中国香港,2020-12-14,建设银行
511,红杉中国投资管理有限公司,HongShan Capital Advisors Limited,开曼群岛,2020-12-14,建设银行
512,伟华电子有限公司,AVA International Limited,中国香港,2020-12-14,建设银行
513,山河资本管理香港咨询有限公司,MY.Alpha Management HK Advisors Limited,中国香港,2020-12-14,汇丰银行
514,Systematica投资有限公司,Systematica Investments Limited,泽西岛,2020-12-14,汇丰银行
515,太盟亚洲资本有限公司,PAG Asia Capital Limited,开曼群岛,2020-12-14,花旗银行
516,华乐资本有限公司,Kadensa Capital Limited,中国香港,2020-12-14,汇丰银行
517,淘金者证券（香港）有限公司,Trade Master Securities (Hong Kong) Limited,中国香港,2020-12-14,工商银行
518,美国金瑞基金管理有限公司,"Krane Funds Advisors, LLC",美国,2020-12-14,汇丰银行
519,隆奥资产管理（欧洲）有限公司,Lombard Odier Asset Management (Europe) Limited,英国,2020-12-25,汇丰银行
520,双商基金管理(新加坡)私人有限公司,IQ EQ Fund Management (Singapore) Private Limited,新加坡,2020-12-25,工商银行
521,裕丰资产管理有限公司,Nexus Investment Advisors Limited,中国香港,2021-01-05,建设银行
522,布拉德斯科银行股份有限公司,Banco Bradesco S/A.,巴西,2021-01-05,工商银行
523,光银国际资产管理有限公司,CEB International Asset Management Corporation Limited,中国香港,2021-01-05,招商银行
524,香港资产管理有限公司,Hong Kong Asset Management Limited,中国香港,2021-01-15,中国银行
525,富德资产管理（香港）有限公司,Funde Asset Management (Hong Kong) Company Limited,中国香港,2021-01-15,花旗银行
526,保德信投资管理定量解决方案有限责任公司,PGIM Quantitative Solution LLC,美国,2021-01-26,汇丰银行
527,东兴证券（香港）资产管理有限公司,Dongxing Securities (Hong Kong) Asset Management Company Limited,中国香港,2021-01-26,中国银行
528,永安国富资产管理（香港）有限公司,Yongan Guofu Asset Management (Hong Kong) Company limited,中国香港,2021-02-03,中国银行
529,泓策投资管理有限公司,Ortus Capital Management Limited,中国香港,2021-02-09,中国银行
530,海纳亚太有限公司,SUSQUEHANNA PACIFIC PTY LTD,澳大利亚,2021-02-09,建设银行
531,新光证券投资信托股份有限公司,"Shin Kong Investment Trust Co., Ltd.",中国台湾,2021-02-10,汇丰银行
532,HRTC有限公司,HRTC Limited,开曼群岛,2021-02-10,建设银行
533,瀚诺有限公司,Henderson Rowe Limited,英国,2021-02-10,工商银行
534,才华资本管理有限公司,Brilliance Asset Management Limited,中国香港,2021-02-10,建设银行
535,德骥资本管理公司,Davidson Kempner Capital Management LP,美国,2021-02-10,汇丰银行
536,泰仁资本有限公司,Tairen Capital Limited,中国香港,2021-02-10,花旗银行
537,锐联资产管理有限公司,Rayliant Asset Management Limited,中国香港,2021-02-10,工商银行
538,千禧新加坡资产管理有限公司,Millennium Capital Management (Singapore) Pte. Ltd.,新加坡,2021-02-25,花旗银行
539,建峖实业投资,Janchor Partners Limited,中国香港,2021-03-04,汇丰银行
540,皮尔亨特公司,PEEL HUNT LLP,英国,2021-03-04,建设银行
541,阶乘管理有限公司,Factorial Management Limited,中国香港,2021-03-16,德意志银行
542,金锝资产管理（香港）有限公司,Jinde Asset Management (Hong Kong) Ltd,中国香港,2021-03-16,建设银行
543,长龙投资管理有限公司,LIM Advisors Limited,中国香港,2021-03-16,德意志银行
544,睿亚资产管理有限公司,Premia Partners Company Limited,中国香港,2021-03-16,汇丰银行
545,Oberweis资产管理公司,"Oberweis Asset Management, Inc.",美国,2021-03-16,汇丰银行
546,中泰国际资产管理（新加坡）有限公司,Zhongtai International Asset Management (Singapore) Pte. Ltd.,新加坡,2021-03-18,中国银行
547,长廊资产管理有限公司,Long Corridor Asset Management Limited,中国香港,2021-03-18,德意志银行
548,凯华投资香港有限公司,Fiera Capital (Asia) Hong Kong Limited,中国香港,2021-03-17,德意志银行
549,胜利证券有限公司,Victory Securities Company Limited,中国香港,2021-03-22,建设银行
550,AROHI 资产管理有限公司,AROHI ASSET MANAGEMENT PTE LTD,新加坡,2021-03-26,汇丰银行
551,晨曦投资管理有限公司,Anatole Investment Management Limited,中国香港,2021-03-31,建设银行
552,时富资产管理有限公司,CASH ASSET MANAGEMENT LIMITED,中国香港,2021-04-02,建设银行
553,方瀛研究与投资（香港）有限公司,"FountainCap Research & Investment (Hong Kong) Co., Limited",中国香港,2021-04-12,汇丰银行
554,云栖资本有限公司,Yunqi Capital Limited,中国香港,2021-04-20,建设银行
555,中环资产投资有限公司,Central Asset Investments and Management Holdings (HK) Limited,中国香港,2021-04-20,工商银行
556,永丰金证券股份有限公司,SinoPac Securities Corporation,中国台湾,2021-04-20,浦发银行
557,腾新投资有限公司,Jump Trading Pacific Pte Ltd,新加坡,2021-04-20,建设银行
558,衍盛中国（香港）有限公司,Derivatives China (Hong Kong) Limited,中国香港,2021-04-20,星展银行
559,Baillie Gifford & Co,Baillie Gifford & Co,英国,2021-04-30,汇丰银行
560,鸿昇证券有限公司,Hung Sing Securities Limited,中国香港,2021-04-30,中信银行
561,黑石另类投资方案有限责任公司,Blackstone Alternative Solutions L.L.C.,美国,2021-05-14,汇丰银行
562,DNCA金融,DNCA FINANCE,法国,2021-05-14,汇丰银行
563,华富建业资产管理有限公司,Quam Asset Management Limited,中国香港,2021-05-19,交通银行
564,Eclipse 期货（香港）有限公司,Eclipse Futures (HK) Limited,中国香港,2021-05-19,建设银行
565,上信（香港）控股有限公司,SITCOAM (HONG KONG) HOLDINGS LIMITED,中国香港,2021-05-21,招商银行
566,BPC有限公司,Blue Pool Capital Limited,中国香港,2021-05-26,中国银行
567,GLP普洛斯资本投资4号香港有限公司,GLP Capital Investment 4 (HK) Limited,中国香港,2021-05-06,招商银行
568,尚川实业有限公司,ROY ENTERPRISES LIMITED,中国香港,2021-06-28,工商银行
569,东英投资管理有限公司,OP Investment Management Limited,中国香港,2021-06-17,星展银行
570,保银资产管理有限公司,Pinpoint Asset Management Limited,中国香港,2021-06-16,平安银行
571,WCM投资管理有限责任公司,"WCM Investment Management, LLC",美国,2021-06-17,汇丰银行
572,迈凯希金融公司,Mackenzie Financial Corporation,加拿大,2021-06-11,汇丰银行
573,安联环球投资亚太有限公司,Allianz Global Investors Asia Pacific Limited,中国香港,2021-06-10,汇丰银行
574,Al Mehwar商业投资有限责任公司,Al Mehwar Commercial Investments L.L.C.,阿联酋,2021-06-16,汇丰银行
575,元库证券有限公司,SILVERBRICKS SECURITIES COMPANY LIMITED,中国香港,2021-06-17,工商银行
576,Quaero资本有限责任合伙,Quaero Capital LLP,英国,2021-06-18,汇丰银行
577,De Tiger资本有限公司,De Tiger Capital Limited,中国香港,2021-06-24,招商银行
578,大岩资本香港有限公司,Jasper Capital Hong Kong Limited,中国香港,2021-06-24,工商银行
579,磊亚投资顾问有限公司,Pleiad Investment Advisors Limited,中国香港,2021-06-04,花旗银行
580,DTL量化投资管理有限公司,Dynamic Technology Lab Private Limited,新加坡,2021-07-05,建设银行
581,佰利资产管理有限合伙,Balyasny Asset Management L.P.,美国,2021-07-05,花旗银行
582,源峰基金管理有限公司,China Pinnacle Equity Management Limited,中国香港,2021-07-05,中国银行
583,清池资本（香港）有限公司,Lake Bleu Capital (Hong Kong) Limited,中国香港,2021-07-05,花旗银行
584,鼎亚资本（新加坡）私人有限公司,Dymon Asia Capital (Singapore) Pte. Ltd.,新加坡,2021-07-05,汇丰银行
585,涛合研究资本新加坡有限公司,TOWER RESEARCH CAPITAL (SINGAPORE) PTE. LTD.,新加坡,2021-07-19,建设银行
586,天元资本有限公司,Nine Masts Capital Limited,中国香港,2021-07-21,汇丰银行
587,KENSHO控股有限公司,"KENSHO HOLDINGS, LLLP",美国,2021-07-22,建设银行
588,邮政银行资产管理公司,La Banque Postale Asset Management,法国,2021-07-26,汇丰银行
589,凯基国际（香港）有限公司,KGI INTERNATIONAL (HONG KONG) LIMITED,中国香港,2021-07-28,中国银行
590,赛格资产管理有限公司,Sygnia Asset Management (Proprietary) Limited,南非,2021-07-28,汇丰银行
591,中国银河国际资产管理（香港）有限公司,"China Galaxy International Asset Management (Hong Kong) 
Co., Limited",中国香港,2021-08-11,中国银行
592,社会保险总局,GENERAL ORGANIZATION FOR SOCIAL INSURANCE,沙特阿拉伯,2021-08-19,汇丰银行
593,科威特投资办公室,Kuwait Investment Office,科威特,2021-08-24,汇丰银行
594,淡明资本私人有限公司,True Light Capital Pte. Ltd.,新加坡,2021-08-25,汇丰银行
595,Timefolio资产管理新加坡私人投资有限公司,Timefolio Asset Management Singapore Pte Ltd,新加坡,2021-09-17,花旗银行
596,启行资本管理新加坡私人有限公司,"ExodusPoint Capital Management Singapore, Pte. Ltd.",新加坡,2021-09-02,花旗银行
597,贝恩资本（新加坡）有限公司,Bain Capital (Singapore) Pte. Ltd.,新加坡,2021-09-02,建设银行
598,无极资本管理有限公司,Infini Capital Management Limited,中国香港,2021-09-17,花旗银行
599,立格资本投资有限公司,LyGH Capital Pte Ltd,新加坡,2021-09-02,渣打银行
600,腾跃基金,"Teng Yue Partners, LP",美国,2021-09-17,花旗银行
601,海德资产管理有限公司,Ocean Arete Limited,中国香港,2021-09-03,汇丰银行
602,中达资产管理有限公司,Central Wealth Asset Management Limited,中国香港,2021-09-02,交通银行
603,文渊资本管理有限公司,Library Research Limited,中国香港,2021-09-17,德意志银行
604,LMR Partners有限公司,LMR Partners Limited,中国香港,2021-09-02,汇丰银行
605,贝克兄弟顾问有限合伙,Baker Bros. Advisors LP,美国,2021-09-03,花旗银行
606,天风国际资产管理有限公司,TFI Asset Management Limited,中国香港,2021-09-17,中国银行
607,路博迈投资顾问有限责任公司,Neuberger Berman Investment Advisers LLC,美国,2021-09-17,中国银行
608,法拉龙资本投资有限责任公司,"Farallon Capital Management, L.L.C.",美国,2021-09-15,花旗银行
609,威廉欧奈尔全球投资顾问公司,"O'NEIL GLOBAL ADVISORS, INC.",美国,2021-09-24,建设银行
610,丰晟资本管理有限公司,Vendavel Capital GP Limited,开曼群岛,2021-09-24,星展银行
611,弘源资本有限公司,Fountainhead Partners Company Limited,中国香港,2021-10-14,中国银行
612,国联证券国际资产管理有限公司,"Guolian Securities International Asset Management Co., Limited",中国香港,2021-10-28,招商银行
613,中信证券国际资本管理有限公司,CITIC Securities International Capital Management Limited,英属维尔京群岛,2021-10-15,花旗银行
614,元库资产管理有限公司,Silverbricks Asset Management Company Limited,中国香港,2021-10-28,工商银行
615,黑石另类资产管理有限合伙,Blackstone Alternative Asset Management L.P.,美国,2021-10-25,汇丰银行
616,首源投资（新加坡）,First Sentier Investors (Singapore),新加坡,2021-10-26,花旗银行
617,塔菲石资本管理有限公司,"Taaffeite Capital Management, LLC",美国,2021-11-01,中国银行
618,好买香港有限公司,Howbuy Hong Kong Limited,中国香港,2021-11-01,中国银行
619,华普资本有限公司,Hartford Capital Limited,中国香港,2021-11-01,招商银行
620,第一上海证券有限公司,First Shanghai Securities Limited,中国香港,2021-11-01,中国银行
621,公共投资基金,Public Investment Fund,沙特阿拉伯,2021-11-05,汇丰银行
622,Weiss 资产管理有限合伙,Weiss Asset Management LP,美国,2021-11-11,汇丰银行
623,南华资产管理（新加坡）有限公司,Nanhua Asset Management SG Pte. Ltd.,新加坡,2021-11-09,星展银行
624,信银（香港）资本有限公司,CNCB (Hong Kong) Capital Limited,中国香港,2021-11-26,交通银行
625,橡树资本管理有限公司,Oaktree Capital Management Pte. Ltd.,新加坡,2021-11-26,汇丰银行
626,六福资产管理（香港）有限公司,LUK FOOK ASSET MANAGEMENT (HK) LIMITED,中国香港,2021-12-14,中国银行
627,迈德瑞资产管理有限公司,Metori Capital Management,法国,2021-12-14,建设银行
628,中国信托证券投资信托股份有限公司,"CTBC Investments Co., Ltd.",中国台湾,2021-12-21,花旗银行
629,信安证券投资股份有限公司,Security Kapitalanlage Aktiengesellschaft,奥地利,2021-12-01,渣打银行
630,中国资本投资管理有限公司,China Assets Investment Management Limited,中国香港,2021-12-06,中国银行
631,加皇环球资产管理（亚洲）有限公司,RBC Global Asset Management (Asia) Limited,中国香港,2021-12-02,渣打银行
632,盛富德战略顾问（新加坡）有限公司,Schonfeld Strategic Advisors (Singapore) Pte. Ltd.,新加坡,2021-12-14,汇丰银行
633,安本香港有限公司,abrdn Hong Kong Limited,中国香港,2021-12-23,花旗银行
634,亿度资本合伙人有限公司,"Indus Capital Partners, LLC",美国,2022-01-12,花旗银行
635,SPB银行股份公司,"Public Joint Stock Company ""SPB Bank""",俄罗斯,2022-01-14,建设银行
636,融石资本有限公司 （新加坡）,Rockstead Capital Private Limited,新加坡,2022-01-28,中国银行
637,东方汇理意大利有限公司,Amundi SGR S.p.A.,意大利,2022-01-29,汇丰银行
638,首源投资RQI私人有限公司,First Sentier Investors RQI Pty Ltd,澳大利亚,2022-02-18,花旗银行
639,首源投资（澳大利亚）IM有限公司,First Sentier Investors (Australia) IM Ltd,澳大利亚,2022-02-18,花旗银行
640,首源投资（澳大利亚）RE有限公司,First Sentier Investors (Australia) RE Ltd,澳大利亚,2022-02-18,花旗银行
641,灯塔投资合伙有限公司,"Lighthouse Investment Partners, LLC",美国,2022-02-17,花旗银行
642,瑞橡资本管理有限公司,OAKWISE CAPITAL MANAGEMENT LIMITED,中国香港,2022-02-28,招商银行
643,首程控股有限公司,Shoucheng Holdings Limited,中国香港,2022-03-01,招商银行
644,东方资产管理（香港）有限公司,Orient Asset Management (Hong Kong) Limited,中国香港,2022-03-15,中国银行
645,禾瑞添资本管理有限公司,Heritage Capital Management Pte Ltd,新加坡,2022-03-18,汇丰银行
646,Origin资产管理有限责任合伙,Origin Asset Management Limited Liability Partnership,英国,2022-03-25,汇丰银行
647,瀚嘉资产管理有限公司,First Plus Asset Management Pte. Ltd.,新加坡,2022-04-06,星展银行
648,中国太保投资管理(香港)有限公司,CPIC Investment Management (H.K.) Company Limited,中国香港,2022-04-06,中国银行
649,博领资产管理有限公司,Primas Asset Management Limited,中国香港,2022-04-19,德意志银行
650,摩根大通基石有限公司,JPMorgan Chase Funding Inc.,美国,2022-04-22,汇丰银行
651,美国富港银行,CB INTERNATIONAL BANK LLC,美国,2022-04-25,建设银行
652,胜利资本管理公司,Victory Capital Management Inc.,美国,2022-04-27,花旗银行
653,瓦萨奇顾问有限合伙,Wasatch Advisors LP,美国,2022-05-06,汇丰银行
654,阿托斯资本有限公司,Athos Capital Limited,中国香港,2022-05-13,汇丰银行
655,盛诺金基金管理有限公司,Synergy Fund Management Group Limited,中国香港,2022-05-13,建设银行
656,南方东英资产管理有限公司（新加坡）,CSOP Asset Management Pte. Ltd.,新加坡,2022-05-16,汇丰银行
657,璟裕资本管理有限公司,Avantua Capital Management Limited,中国香港,2022-05-17,兴业银行
658,澎睿投资管理有限公司,Paradice Investment Management LLC,美国,2022-05-20,汇丰银行
659,福途新加坡私人有限公司,Virtu Financial Singapore Pte. Ltd.,新加坡,2022-05-29,星展银行
660,博石资本有限公司,BESTONE CAPITAL LIMITED,中国香港,2022-05-29,建设银行
661,盛诺投资有限合伙,Cerno Capital Partners LLP,英国,2022-05-30,汇丰银行
662,高腾国际资产管理有限公司,GaoTeng Global Asset Management Limited,中国香港,2022-06-07,中国银行
663,Numeric投资者有限责任公司,Numeric Investors LLC,美国,2022-06-13,汇丰银行
664,林顿顾问（香港）有限公司,Linden Advisors (HK) Limited,中国香港,2022-07-18,德意志银行
665,欧力士亚洲资本有限公司,ORIX Asia Capital Limited,中国香港,2022-07-18,建设银行
666,Investmath有限公司,Investmath Private Limited,新加坡,2022-07-19,工商银行
667,BlueCrest资本管理泽西有限公司,BlueCrest Capital Management Jersey Limited,泽西岛,2022-07-22,花旗银行
668,"Connor, Clark & Lunn 投资管理有限公司","Connor, Clark & Lunn Investment Management Ltd.",加拿大,2022-08-12,汇丰银行
669,联丰亨保险有限公司,LUEN FUNG HANG INSURANCE COMPANY LIMITED,中国澳门,2022-08-18,交通银行
670,联丰亨人寿保险股份有限公司,LUEN FUNG HANG LIFE LIMITED,中国澳门,2022-08-18,交通银行
671,Alpha Oryx有限公司,Alpha Oryx Limited,阿联酋,2022-08-18,花旗银行
672,澳门国际银行股份有限公司,LUSO INTERNATIONAL BANKING LTD.,中国澳门,2022-08-18,招商银行
673,志投顾问有限公司,True Partner Advisor Limited.,开曼群岛,2022-08-24,星展银行
674,自由金融全球有限公司,Freedom Finance Global PLC,哈萨克斯坦,2022-09-05,建设银行
675,富盈交易亚洲有限公司,FLOW TRADERS ASIA PTE. LTD.,新加坡,2022-09-15,建设银行
676,德劭（亚太）有限公司,D. E. Shaw & Co. (Asia Pacific) Limited,中国香港,2022-09-15,花旗银行
677,ASL证券股份有限公司,ASL SECURITIES COMPANY LIMITED,泰国,2022-09-22,中国银行
678,ALT投资管理有限公司,ALT Investment Management Ltd.,开曼群岛,2022-09-22,建设银行
679,信庭投资国际有限公司,Cithara Investment International Limited,中国香港,2022-09-26,渣打银行
680,英卓投资管理有限公司,M&G Investment Management Limited,英国,2022-09-26,汇丰银行
681,拔萃国际资产管理有限公司,BC Global Asset Management Limited,中国香港,2022-09-27,工商银行
682,橄榄树资本市场有限公司,OLIVE TREE CAPITAL MARKETS LIMITED,塞浦路斯,2022-09-28,建设银行
683,百润资本管理公司,"Baron Capital Management, Inc.",美国,2022-09-28,汇丰银行
684,BAMCO公司,"BAMCO, Inc.",美国,2022-09-28,汇丰银行
685,焦点视野FZCO,FOCUS VISION FZCO,阿联酋,2022-10-11,建设银行
686,亚狮资本（香港）有限公司,Asia Lion Capital (Hong Kong) Limited,中国香港,2022-10-24,建设银行
687,梅萨投资合伙公司,"Mesa Investment Partners, LLC",美国,2022-10-26,建设银行
688,领升基金管理公司,COLLINSON FUNDS MANAGEMENT LIMITED,新西兰,2022-11-01,建设银行
689,圣彼得堡银行,Bank Saint-Petersburg,俄罗斯,2022-11-04,中国银行
690,兴隆国际金业交易有限公司,MTS GOLD GLOBAL TRADING PTE. LTD.,新加坡,2022-11-07,星展银行
691,约翰街资本有限公司,John Street Capital Limited,英国,2022-11-07,星展银行
692,亮点资本有限公司,Bright Point Capital Pte Ltd,新加坡,2022-11-15,中国银行
693,威灵顿管理香港有限公司,Wellington Management Hong Kong Limited,中国香港,2022-11-17,汇丰银行
694,复瑞渤商贸新加坡有限公司,FREEPOINT COMMODITIES SINGAPORE PTE. LTD.,新加坡,2022-11-17,建设银行
695,XTX市场有限公司,XTX Markets Pte Limited,新加坡,2022-11-21,建设银行
696,古塔资本（新加坡）有限公司,Graviton Research Capital (Singapore) Pte. Ltd.,新加坡,2022-11-29,德意志银行
697,格林兰特投资管理,Greenland Investment Management,毛里求斯,2022-11-30,建设银行
698,宽立资本有限公司,Aspect Capital Limited,英国,2022-12-04,汇丰银行
699,部门基金服务股份公司,Sector Fund Services AS,挪威,2022-12-07,汇丰银行
700,伊藤忠塑胶私人有限公司,ITOCHU PLASTICS PTE. LTD.,新加坡,2022-12-30,交通银行
701,传译趋势私人有限公司,Transtrend B.V.,荷兰,2022-12-30,星展银行
702,联发科技股份有限公司,MEDIATEK INC.,中国台湾,2023-01-05,建设银行
703,常春藤资产管理（香港）有限公司,IvyRock Asset Management (HK) Limited,中国香港,2023-01-16,星展银行
704,英特佩克理财与投资顾问公司,Interprac Financial Planning Pty Ltd,澳大利亚,2023-01-16,建设银行
705,凯穆私人有限公司,Quadeye Pte Ltd,新加坡,2023-01-17,中国银行
706,城堡证券中国投资交易有限公司,Citadel Securities PRC Trading Limited,中国香港,2023-01-17,建设银行
707,星河证券有限公司,Star River Securities Limited,中国香港,2023-01-20,农业银行
708,金銮证券有限公司,Kam Luen Securities Limited,中国香港,2023-02-08,建设银行
709,四邦实业有限公司,FOUR BUNG INDUSTRIES LIMITED,中国香港,2023-02-10,建设银行
710,国际标准矢量资产管理,iSAM Vector Management,开曼群岛,2023-02-16,花旗银行
711,瑞再亚洲直接投资有限公司,Swiss Re Principal Investments Company Asia Pte. Ltd.,新加坡,2023-02-16,汇丰银行
712,英格斯投资资产管理公司,Ingosstrakh Investments Asset Management,俄罗斯,2023-02-16,中国银行
713,弘量研究有限公司,Magnum Research Limited,中国香港,2023-02-16,中国银行
714,永丰金证券（亚洲）有限公司,Sinopac Securities (Asia) Limited,中国香港,2023-02-16,中国银行
715,阿班斯全球有限公司,Abans Global Limited,英国,2023-02-16,星展银行
716,东方艾克斯投资有限责任公司,East X LLP,英国,2023-02-16,汇丰银行
717,瑞银资产管理瑞士股份公司,UBS Asset Management Switzerland AG,瑞士,2023-02-20,汇丰银行
718,托克亚洲贸易私人有限公司,TRAFIGURA ASIA TRADING PTE. LTD.,新加坡,2023-02-28,中国银行
719,安磐资本（亚洲）私人投资有限公司,Arisaig Partners (Asia) Pte Ltd,新加坡,2023-03-02,汇丰银行
720,西纳拉银行,PUBLIC JOINT-STOCK COMPANY BANK SINARA,俄罗斯,2023-03-14,中国银行
721,博恩霍华德 (香港) 有限公司,Brevan Howard (Hong Kong) Limited,中国香港,2023-03-14,花旗银行
722,塔滃金融有限公司,TAVIRA FINANCIAL LIMITED,英国,2023-03-16,工商银行
723,博裕资本管理（新加坡）有限公司,BOYU CAPITAL MANAGEMENT (SINGAPORE) PTE. LTD.,新加坡,2023-03-16,花旗银行
724,冠力资产管理有限公司,Smart Grandly Asset Management Limited,中国香港,2023-03-20,中国银行
725,道锐威新加坡私人有限公司,DRW Singapore Pte. Ltd.,新加坡,2023-04-04,建设银行
726,矩点资本有限责任合伙企业,Squarepoint Capital LLP,英国,2023-04-11,建设银行
727,全球统计资产管理资本有限责任合伙,GSA Capital Partners LLP,英国,2023-04-18,汇丰银行
728,钜集资产管理有限公司,Aggregate Asset Management Pte. Ltd.,新加坡,2023-04-23,星展银行
729,澳帝桦新加坡有限公司,Optiver Singapore Trading Pte. Ltd.,新加坡,2023-04-23,建设银行
730,资本基金管理有限公司,"Capital Fund Management SA (""CFM"")",法国,2023-04-24,建设银行
731,资本伙伴证券株式会社,"Capital Partners Securities Co., Ltd.",日本,2023-04-26,渣打银行
732,华态私人有限合伙企业,Flowertech C.V.,荷兰,2023-05-04,建设银行
733,城堡投资亚洲有限公司,Citadel Asia Limited,中国香港,2023-05-27,汇丰银行
734,新加坡瀚朗科技有限公司,Headlands Technologies Singapore Pte. Ltd.,新加坡,2023-06-07,建设银行
735,十八里亚洲有限公司,Safari Asia Limited,中国香港,2023-06-07,德意志银行
736,凯石通投资顾问（香港）有限公司,Capstone Investment Advisors (HK) Limited,中国香港,2023-06-14,花旗银行
737,博行睿致投资管理有限责任合伙公司,Broad Reach Investment Management LLP,英国,2023-06-14,汇丰银行
738,致富证券有限公司,Chief Securities Limited,中国香港,2023-06-19,交通银行
739,逸兴资本有限公司,POTUS CAPITAL PTE. LTD.,新加坡,2023-06-19,德意志银行
740,博灝香港有限公司,Point72 Hong Kong Limited,中国香港,2023-06-30,汇丰银行
741,瑞士恩贝尔商业银行股份有限公司,MBaer Merchant Bank AG,瑞士,2023-07-13,建设银行
742,大横琴股份（香港）有限公司,DA HENG QIN (HONG KONG) COMPANY LIMITED,中国香港,2023-07-13,建设银行
743,白云投资有限公司,Baiyun Investments Pte. Ltd.,新加坡,2023-07-27,汇丰银行
744,国际货币基金组织投资资金,International Monetary Fund Investment Fund,国际组织,2023-07-28,农业银行
745,科氏石油炼制国际有限公司,Koch Refining International Pte Ltd,新加坡,2023-07-28,建设银行
746,量锋资产管理私人有限公司,Quantedge Capital Pte. Ltd.,新加坡,2023-08-03,汇丰银行
747,卡普拉投资管理公司,Capula Investment Management LLP,英国,2023-08-09,汇丰银行
748,诺伊曼咨询香港有限公司,Neumann Advisory Hong Kong Limited,中国香港,2023-08-09,建设银行
749,碧辟新加坡私人有限公司,BP Singapore Pte. Limited,新加坡,2023-08-17,建设银行
750,太白投资有限公司,Taibai Investments Pte. Ltd.,新加坡,2023-08-25,星展银行
751,易可达金融（新加坡）有限公司,Engelhart CTP Financial (Singapore) Pte. Limited,新加坡,2023-09-01,建设银行
752,鹏特资本管理有限公司,Penco Capital Management Private Limited,新加坡,2023-09-05,中国银行
753,红杉资本中国公开市场投资基金管理公司,HCEP Management Limited,中国香港,2023-09-11,汇丰银行
754,博大资产管理(香港)有限公司,Partners Asset Management (HK) Limited,中国香港,2023-09-11,建设银行
755,指南针亚洲合伙人有限合伙,"Compass Asia Partners, L.P.",百慕大,2023-09-15,汇丰银行
756,翌星资本私人有限公司,Essentia Partners Pte. Ltd.,新加坡,2023-09-19,星展银行
757,中国银河证券新加坡私人有限公司,CGS International Securities Singapore Pte. Ltd.,新加坡,2023-09-22,法国巴黎银行
758,吉尼斯资产管理有限公司,Guinness Asset Management Limited,英国,2023-09-22,中国银行
759,德太资本新加坡有限公司,TPG CAPITAL (S) PTE. LTD.,新加坡,2023-10-07,花旗银行
760,希佰资有限公司,C-Breeze Pte. Ltd.,新加坡,2023-10-07,花旗银行
761,柏瑞投资亚洲有限公司,PineBridge Investments Asia Limited,百慕大,2023-10-10,汇丰银行
762,奥地利瑞芬森银行封闭式股份公司,"Joint stock company ""Raiffeisenbank""",俄罗斯,2023-10-23,建设银行
763,新加坡（热联）钢铁有限公司,SINGAPORE (COGENERATION) STEEL PTE. LTD,新加坡,2023-10-31,中国银行
764,奥地利瑞芬森资本资产管理有限责任公司,OOO Raiffeisen Capital Asset Management Company,俄罗斯,2023-11-01,建设银行
765,大象投资管理有限公司,ELEPHAS INVESTMENT MANAGEMENT LIMITED,中国香港,2023-11-06,建设银行
766,富乔鑫资产管理（新加坡）有限公司,JMC Capital Asset Management Singapore Pte. Ltd.,新加坡,2023-11-07,星展银行
767,能敬资本管理有限公司,Powership Capital Management Limited,中国香港,2023-11-09,建设银行
768,五矿企荣有限公司,Minmetals Cheerglory Limited,中国香港,2023-11-09,中国银行
769,东久新宜（开曼）投资第一控股有限公司,DNE (Cayman) Investment I Holdings Limited,开曼群岛,2023-11-14,中国银行
770,安润嘉有限公司,"Arun Plus Co., Ltd.",泰国,2023-11-18,花旗银行
771,招银国际(新加坡)私人有限公司,CMBI (Singapore) Pte. Limited,新加坡,2023-11-18,中国银行
772,中银（新加坡）资产管理有限公司,Bank of China Asset Management (Singapore) Pte. Ltd.,新加坡,2023-11-22,华夏银行
773,赢高银行股份公司,Joint Stock Company Bank Ingo,俄罗斯,2023-11-24,建设银行
774,倍嵘资本有限公司,APEIRON CAPITAL LIMITED,中国香港,2023-11-24,建设银行
775,复兴证券有限公司,Renaissance Broker Limited,俄罗斯,2023-12-04,中国银行
776,太一资本管理有限公司,One Heritage Capital Management Limited,中国香港,2023-12-07,工商银行
777,圆牧资本,Ox Capital Management PTY LTD,澳大利亚,2023-12-11,花旗银行
778,睿远基金(香港)有限公司,Foresight Fund (Hong Kong) Limited,中国香港,2023-12-12,招商银行
779,浙商国际金融控股有限公司,"Zheshang International Financial Holdings Co.,Limited",中国香港,2023-12-12,中国银行
780,前诺投资管理有限公司,Channel Investment Management Limited,澳大利亚,2023-12-20,花旗银行
781,凯德商用产业有限公司,CAPITALAND MALL ASIA LIMITED,新加坡,2024-01-23,中国银行
782,一翎资本私人有限公司,Mainnet Capital Pte.Ltd,新加坡,2024-01-24,建设银行
783,国家共同基金管理有限公司,National Mutual Funds Management Ltd.,澳大利亚,2024-02-05,建设银行
784,英国养老保障基金委员会,The Board of the Pension Protection Fund,英国,2024-02-28,汇丰银行
785,金鹰研究资本（以色列）有限公司,Eagle Labs Capital(Israel)Ltd,以色列,2024-03-01,星展银行
786,杰拉德金属（瑞士）有限公司,Gerald Metals Sarl,瑞士,2024-03-05,中国银行
787,富瑞国际有限公司,Jefferies International Limited,英国,2024-03-15,汇丰银行
788,量盈(香港)有限公司,Quantsmile (HK) Limited,中国香港,2024-03-21,中国银行
789,赫区怡合伙人新加坡有限公司,Hartree Partners Singapore Pte Limited,新加坡,2024-03-21,建设银行
790,佰利资产管理（新加坡）有限公司,Balyasny Asset Management (Singapore) Pte. Ltd.,新加坡,2024-03-26,花旗银行
791,梅沃利衍生品有限公司,Maverick Derivatives B.V.,荷兰,2024-04-07,建设银行
792,伦敦大学退休金计划,Superannuation Arrangements of the University of London,英国,2024-04-07,汇丰银行
793,华创永宣可再生能源解决方案有限公司,"Hcc Renewable Energy Solution Co.,Limited",中国香港,2024-04-07,中国银行
794,泰克瑟罗斯私人有限公司,Tyxeros Trading Pte. Ltd.,新加坡,2024-04-07,星展银行
795,瑞士亚洲金融服务有限公司,Swiss-Asia Financial Services Pte Ltd,新加坡,2024-04-23,建设银行
796,金儿商品贸易公司DMCC,ABS COMMODITY TRADING COMPANY DMCC,阿联酋,2024-04-23,星展银行
797,力拓商业私人有限公司,Rio Tinto Commercial Pte. Ltd.,新加坡,2024-04-23,中国银行
798,拓维冶金有限公司,Caravel Metallurgical Limited,中国香港,2024-04-28,中国银行
799,圣福斯有限公司,SUNFORTH PTE LTD,新加坡,2024-05-06,中国银行
800,亮点国际贸易（新加坡）私人有限公司,BPI Trading (SG) Pte. Ltd.,新加坡,2024-05-07,中国银行
801,长春证券有限公司,Changchun Securities Limited,中国香港,2024-05-09,中国银行
802,晖煜资本集团有限公司,Fides Capital Group Limited,中国香港,2024-05-13,建设银行
803,富强资产管理有限公司,Fortune Asset Management Limited,中国香港,2024-05-14,星展银行
804,旌安资产管理（香港）有限公司,Jingan Asset Management (Hong Kong) Company Limited,中国香港,2024-05-17,中国银行
805,嘉悦国际（新加坡）有限公司,JORYA INTERNATIONAL（SINGAPORE）PTE.LTD.,新加坡,2024-05-17,中国银行
806,卡塔尔国民银行公众股份公司,Qatar National Bank （QNB）,卡塔尔,2024-05-17,中国银行
807,毅德新加坡资产管理有限公司,ICHAM PTE.LTD.,新加坡,2024-05-22,建设银行
808,凯德中国信托管理有限公司,CapitaLand China Trust Management Limited,新加坡,2024-05-23,汇丰银行
809,佩尔瓦亚管理公司股份公司,"First Asset Management, Joint Stock Company",俄罗斯,2024-05-28,交通银行
810,升涛资本投资有限公司,COVE INVESTMENT PTE. LTD.,新加坡,2024-06-04,中国银行
811,杭州热联（香港）有限公司,"Hangzhou Cogeneration (Hong Kong) Co., Ltd.",中国香港,2024-06-06,建设银行
812,恒力石化国际有限公司,HENGLI PETROCHEMICAL INTERNATIONAL PTE. LTD.,新加坡,2024-06-11,建设银行
813,康达投资有限公司,CONDA CAPITAL PTE. LTD.,新加坡,2024-06-11,工商银行
814,阿曼投资局,OMAN INVESTMENT AUTHORITY,阿曼,2024-06-17,汇丰银行
815,阿拉瓦利资产管理公司,Aravali Asset Management Pte. Ltd.,新加坡,2024-06-21,建设银行
816,迪维交易公司（加拿大）,DV Trading Canada Inc.,加拿大,2024-06-28,建设银行
817,华安证券（香港）资产管理有限公司,Huaan Securities (Hong Kong) Asset Management Limited,中国香港,2024-07-02,中国银行
818,维多亚太商贸有限公司,VITOL APAC COMMODITIES PTE.LTD.,新加坡,2024-07-05,中国银行
819,德高股份有限公司,Duferco SA,瑞士,2024-07-05,中国银行
820,雅宝资产管理有限公司,Jabal Asset Management LLC,阿曼,2024-07-05,中国银行
821,安博中国投资有限公司,PLD China Investment Company LLC,美国,2024-07-19,中国银行
822,莱茵资产管理有限公司,Rhine Asset Management Company Limited,中国香港,2024-07-24,星展银行
823,金马投资管理有限公司,Golden Horse Fund Management Pte. Ltd.,新加坡,2024-07-29,中国银行
824,新庚资本私人有限公司,GENK CAPITAL PTE. LTD.,新加坡,2024-08-07,星展银行
825,景和资本有限公司,Green Harmony Capital Limited,中国香港,2024-08-08,中国银行
826,复星资产管理有限公司,Fosun Asset Management Limited,中国香港,2024-08-14,建设银行
827,东建资产管理有限公司,OCI Asset Management Company Limited,中国香港,2024-08-15,建设银行
828,英皇资产管理有限公司,Emperor Asset Management Limited,中国香港,2024-08-21,中国银行
829,卡迪安投资（韩国）有限公司,"Kardian Asset Management Co.,Ltd.",韩国,2024-08-21,汇丰银行
830,全球德尔塔资本有限责任公司,"Global Delta Capital, LLC",美国,2024-08-23,汇丰银行
831,基数研究有限公司,Xidar Research LLC,开曼群岛,2024-09-05,建设银行
832,摩科瑞大宗商品市场有限公司,Mercuria Commodity Markets SA,瑞士,2024-09-14,中国银行
833,莱佛麦金属贸易公司DMCC,LEVMET TRADING DMCC,阿联酋,2024-09-14,星展银行
834,兴隆资产有限公司,"MTS Capital Co.,Ltd.",泰国,2024-09-18,星展银行
835,艾美希亚太有限公司,IMC ASIA PACIFIC LIMITED,中国香港,2024-09-23,工商银行
836,大道基金资产管理有限公司,TRUTH ASSETS MANAGEMENT (S) PTE. LTD.,新加坡,2024-09-26,工商银行
837,虎丘独立投资组合有限公司,TH SPC Limited,开曼群岛,2024-09-29,中国银行
838,信和资产管理有限公司,Sino Financial Asset Management Limited,中国香港,2024-10-06,星展银行
839,吉萨洛资本管理有限责任公司,Ghisallo Capital Management LLC,美国,2024-10-12,汇丰银行
840,梅瑞兹证券,"Meritz Securities Co., Ltd.",韩国,2024-10-12,汇丰银行
841,伊塔乌资产管理公司,Itaú Asset Management,巴西,2024-10-15,中国银行
842,斯特恩资本私人有限公司,STERN CAPITAL PTE. LTD.,新加坡,2024-11-04,星展银行
843,圆通环球资产管理有限公司,Yuan Tong Global Asset Management Limited,中国香港,2024-11-04,中国银行
844,星光资产管理有限公司,Starlight Asset Management Limited,中国香港,2024-11-05,建设银行
845,亚丁金融集团有限公司,Aden Financial Group Limited,中国香港,2024-11-20,建设银行
846,圆通环球证券有限公司,Yuan Tong Global Securities Limited,中国香港,2024-11-25,中国银行
847,自由资产管理（亚洲）有限公司,Freedom Asset Management (Asia) Limited,中国香港,2024-11-26,中国银行
848,瀚嘉(泰国)资产管理有限公司,FIRST PLUS ASSET MANAGEMENT (THAILAND) COMPANY LIMITED,泰国,2024-11-26,中国银行
849,慧衍集团,SAPIEN GROUP PTY LTD,澳大利亚,2024-11-29,建设银行
850,鼎鑫（证券）有限公司,Dingxin (Securities) Limited,中国香港,2024-11-29,交通银行
851,洲际资源有限公司,"Intercontinental Resources HK Co.,Limited",中国香港,2024-12-04,建设银行
852,睿势国际资本公司,Wise Will International Capital Ltd.,英属维尔京群岛,2024-12-25,建设银行
853,杭实国贸新加坡有限公司,HONORS COMMODITY SINGAPORE PTE. LTD.,新加坡,2025-01-16,中国银行
854,华赢东方（亚洲）控股有限公司,SOLOMON JFZ(ASIA) HOLDINGS LIMITED,中国香港,2025-01-21,建设银行
855,欧道华丰资产管理简易股份公司,ODDO BHF ASSET MANAGEMENT SAS,法国,2025-01-24,汇丰银行
856,蓝盒证券有限公司,Blue Box Securities Limited,中国香港,2025-02-12,中国银行
857,磐石资产管理有限公司,BANDS Capital Management Limited,中国香港,2025-02-13,中国银行
858,艾克投资管理有限公司,Aikya Investment Management Limited,英国,2025-02-21,花旗银行
859,Kiwoom证券株式会社,Kiwoom Securities Co. Ltd,韩国,2025-02-24,汇丰银行
860,美泰乐科技集团,Metalor Technologies SA,瑞士,2025-03-03,中国银行
861,中信里昂证券日本株式会社,"CLSA Securities Japan Co., Ltd.",日本,2025-03-04,建设银行
862,东方汇财证券有限公司,ORIENT SECURITIES LIMITED,中国香港,2025-03-06,建设银行
863,启叶资产管理有限公司,TURNING LEAF ASSET MANAGEMENT PTE. LTD.,新加坡,2025-03-06,建设银行
864,旷赫资源有限公司,CONCORD RESOURCES LIMITED,英国,2025-03-19,中国银行
865,星洲狮威实业有限公司,GALLANTLION RESOURCES PTE. LTD.,新加坡,2025-03-24,星展银行
866,海洋能源有限公司,OCEAN ENERGY PTE. LTD.,新加坡,2025-03-28,中国银行
867,南华金融（英国）有限公司,Nanhua Financial (UK) Co Limited,英国,2025-04-07,中国银行
868,嘉利高集团有限公司,Czarnikow Group Limited,英国,2025-04-14,中国银行
869,敦和国际基金管理有限公司,DH International Fund Management Limited,中国香港,2025-04-18,中国银行
870,东证期货国际（新加坡）私人有限公司,Orient Futures International (Singapore) Pte. Ltd.,新加坡,2025-04-22,建设银行
871,王道商业银行,"O-Bank Co., Ltd.",中国台湾,2025-04-24,建设银行
872,旌泰物产有限公司,Gent Commodity Pte. Ltd.,新加坡,2025-04-29,中国银行
873,海腾金属贸易有限公司,HITENT METALS TRADING PTE. LTD.,新加坡,2025-05-16,星展银行
874,川润资源有限公司,"CRSCM Resource Co., Limited",中国香港,2025-05-23,交通银行
875,欧亚资产管理私人有限公司,EURO ASIA ASSET MANAGEMENT PTE. LTD.,新加坡,2025-05-23,中国银行
876,香港扬子江资产管理有限公司,HongKong Yangtze River Asset Management Company Limited,中国香港,2025-05-23,招商银行
877,盈泰国际（新加坡）有限公司,INTOP INTERNATIONAL (SINGAPORE) PTE. LTD.,新加坡,2025-06-12,建设银行
878,梅德国际贸易有限公司,Mayday International Trading Limited,中国香港,2025-06-12,建设银行
879,荣晖资本有限公司,Theme Capital Limited,中国香港,2025-06-12,建设银行
880,澳门发展银行股份有限公司,Macao Development Bank Limited,中国澳门,2025-06-12,农业银行
881,三广能源（英国）有限公司,Tricon Energy UK Limited,英国,2025-06-12,中国银行
882,瑞迪安特世界商品股份公司,Radiant World Commodities SA,瑞士,2025-06-12,中国银行
883,中信建投（国际）资产管理有限公司,China Securities (International) Asset Management Company Limited,中国香港,2025-06-13,建设银行
884,玛克士庞博股份有限公司,MKS PAMP SA,瑞士,2025-06-18,中国银行
885,米拉博资产管理（欧洲）股份有限公司,Mirabaud Asset Management (Europe) S.A.,卢森堡,2025-06-19,汇丰银行
886,雾凇资本有限公司,Rime Capital Limited,中国香港,2025-07-01,中国银行
887,第一资产管理有限公司,One Asset Management Limited,泰国,2025-07-01,德意志银行
888,鼎值基金管理有限公司,PRIME VALUE ASSET MANAGEMENT LIMITED,澳大利亚,2025-07-01,建设银行
889,路华资产管理有限公司,ROOFER ASSET MANAGEMENT LIMITED,中国香港,2025-07-15,中国银行
890,杭实国贸香港有限公司,HONORS COMMODITY HONG KONG COMPANY LIMITED,中国香港,2025-07-16,中国银行
891,中金汇理资产管理（香港）有限公司1,SINOIF Asset Management Limited,中国香港,2025-07-18,中国银行
892,阿尔法格雷普英国有限公司,AlphaGrep UK Limited,英国,2025-07-22,建设银行
893,大西部证券（香港）有限公司,Global West Securities (Hong Kong) Limited,中国香港,2025-08-08,建设银行
894,教保证券株式会社,"Kyobo Securities Co., Ltd",韩国,2025-08-13,工商银行
895,上润通商资本有限公司,Liberal Cosmerce Capital Limited,英属维尔京群岛,2025-08-19,星展银行
896,东华能源（新加坡）国际贸易有限公司,ORIENTAL ENERGY (SINGAPORE) INTERNATIONAL TRADING PTE LTD,新加坡,2025-08-19,中国银行
897,香港海亮铜贸易有限公司,HONG KONG HAILIANG METAL TRADING LIMITED,中国香港,2025-08-26,中国银行
898,卓汇投资(香港)有限公司,EXCEL INVESTMENT (HK) LIMITED,中国香港,2025-08-27,工商银行
899,香港天逸国际控股有限公司,HONGKONG TIANYI INTERNATIONAL HOLDING COMPANY LIMITED,中国香港,2025-08-28,中国银行
900,海亮（新加坡）有限公司,HAILIANG (SINGAPORE) PTE. LTD.,新加坡,2025-09-01,建设银行
901,高盛欧洲银行,Goldman Sachs Bank Europe SE,德国,2025-09-01,汇丰银行
902,华瑞证券有限公司,Huarui Securities Limited,中国香港,2025-09-06,建设银行
903,香港德辅投资有限责任公司,DES VOEUX PARTNERS LIMITED,中国香港,2025-09-18,建设银行
904,易方达资产管理（新加坡）有限公司,E Fund Management (Singapore) Pte. Ltd.,新加坡,2025-09-24,中国银行
905,宝达投资（香港）有限公司,POINTER INVESTMENT (HONG KONG) LIMITED,中国香港,2025-09-24,建设银行
906,华凯资产管理有限公司,WealthQuay Asset Management Limited,中国香港,2025-10-09,中国银行
907,迈睿资产管理有限公司,Merit Asset Management Limited,中国香港,2025-10-14,农业银行
908,沙迦资产管理控股有限公司,Sharjah Asset Management (Holding) PER Person Company. LLC.,阿联酋,2025-10-17,中国银行
909,诚港金融股份有限公司,CANTON MUTUAL FINANCIAL LIMITED,中国香港,2025-10-22,建设银行
910,艾威意供应与贸易亚太有限公司,RWE Supply & Trading Asia-Pacific Pte. Ltd.,新加坡,2025-10-22,中国银行
911,山东港口国际贸易集团（香港）有限公司,"SHANDONG PORT INTERNATIONAL TRADE GROUP (HONG KONG) CO., LIMITED.",中国香港,2025-10-27,建设银行
912,凯华投资英国有限公司,Fiera Capital (UK) Limited,英国,2025-10-30,汇丰银行
913,出光国际（亚洲）有限公司,Idemitsu International (Asia) Pte. Ltd.,新加坡,2025-10-31,中国银行
914,华福国际资产管理有限公司,Huafu International Asset Management Limited,中国香港,2025-11-07,中国银行
915,方法量化亚太私人有限公司,METHOD QUANT APAC PTE. LTD.,新加坡,2025-11-07,中国银行
916,博满资管有限公司,BOMAN ASSET MANAGEMENT PTY LTD,澳大利亚,2025-11-14,建设银行
917,三菱商事金属贸易（国际）有限公司,Mitsubishi Corporation RtM International Pte Ltd,新加坡,2025-11-17,工商银行
918,富曼拓商贸私人有限公司,FOMENTO COMMODITIES PTE. LTD.,新加坡,2025-11-19,中国银行
919,中国银行（香港）有限公司,Bank of China (Hong Kong) Limited,中国香港,2025-11-24,交通银行
920,欧力士亚洲资产管理有限公司,ORIX Asia Asset Management Limited,中国香港,2025-11-26,建设银行
921,爱普森资本管理有限公司,IPS Capital Ltd.,哈萨克斯坦,2025-11-26,建设银行
922,伊斯投资证券股份公司,IS YATIRIM MENKUL DEGERLER ANONIM SIRKETI,土耳其,2025-11-28,德意志银行
923,申投证券有限公司,Centaur Securities Limited,中国香港,2025-12-05,建设银行
924,阿联酋国际资源控股公司,IRH Global Trading Ltd.,阿联酋,2025-12-05,中国银行
925,弗雷姆亚洲资源私人有限公司,Flame Asia Resources Pte. Ltd.,新加坡,2025-12-09,中国银行
926,云铜香港有限公司,YUNNAN COPPER H.K LIMITED,中国香港,2025-12-11,星展银行
927,越航贸易有限公司,"YUE HANG TRADING CO., LIMITED",中国香港,2025-12-11,中国银行
928,立桥银行股份有限公司,"Banco Well Link, S.A.",中国澳门,2025-12-16,中国银行
929,恒盛资产管理公司,Persistent Asset Partners Limited,中国香港,2025-12-25,建设银行
930,城堡顾问新加坡有限公司,Citadel Advisors Singapore Pte. Limited,新加坡,2025-12-29,建设银行
931,三河投资香港有限公司,3Rivers Trading Hong Kong Limited,中国香港,2026-01-09,建设银行
932,辉立大宗商品私人有限公司,PHILLIP COMMODITIES PTE. LTD.,新加坡,2026-01-12,建设银行
933,韩国资产投资证券株式会社,"Korea Asset investment Securities Co.,Ltd.",韩国,2026-01-13,工商银行
934,嘉民中国发展,Goodman China Developments,开曼群岛,2026-01-16,工商银行
935,河钢国际控股有限公司,"HBIS GROUP INTERNATIONAL HOLDING CO., LIMITED",中国香港,2026-01-16,建设银行
936,澳新金属私人有限公司,Ausinmet Pte Ltd,新加坡,2026-01-16,中国银行
937,紫金（新加坡）国际矿业有限公司,ZIJIN (SINGAPORE) INTERNATIONAL MINING PTE. LTD.,新加坡,2026-01-20,中国银行
938,复瑞渤大宗商品欧洲有限责任合伙,FREEPOINT COMMODITIES EUROPE LLP,英国,2026-01-23,建设银行
939,铂金游隼有限公司,Platinum Peregrine A 2012 RSC Limited,阿联酋,2026-01-23,汇丰银行
940,MFC资产管理有限公司,MFC Asset Management Public Company Limited,泰国,2026-01-28,花旗银行
941,中国公寓迈博控股有限公司,China Multifamily Marble Holdings Limited,中国香港,2026-01-28,中国银行
942,维港证券国际有限公司,Victoria Harbour Securities International Limited,中国香港,2026-02-04,建设银行
943,布莱尔路资本私人有限公司,Blair Road Capital Pte Ltd.,新加坡,2026-02-05,建设银行
944,大道资本（香港）有限公司,TRUTH CAPITAL (HONG KONG) LIMITED,中国香港,2026-02-07,建设银行
945,诺宝国际商业公司,NOBORU INTERNATIONAL FZCO,阿联酋,2026-02-10,建设银行
946,糖人贸易有限公司,E D & F MAN SUGAR LIMITED,英国,2026-02-10,建设银行
947,协联合资有限公司,SYNERGY LINK CAPITAL PTE. LTD.,新加坡,2026-03-04,建设银行
948,香港海纳投资集团有限公司,"HONG KONG HIGH INVESTMENT GROUP CO., LIMITED",中国香港,2026-03-06,中国银行
949,华承资本（新加坡）有限公司,CHCC CAPITAL (SINGAPORE) PTE. LTD.,新加坡,2026-03-05,中国银行
950,艾克斯莱特资本有限公司,Axight Capital Limited,阿联酋,2026-03-06,汇丰银行
951,必添金融有限公司,BTA Finance Limited,阿联酋,2026-03-10,中国银行
952,迪赛姆信息投资公司,DCM Systematic SA,瑞士,2026-03-10,中国银行
953,智享股份有限公司,Smartshares Limited,新西兰,2026-03-13,中国银行
954,卡夫投资有限责任公司,KAAF INVESTMENTS LLC,阿联酋,2026-03-17,中国银行
955,玄龙资产管理有限公司,Black Dragon Asset Management Limited,中国香港,2026-03-17,中国银行
956,雷普索尔贸易有限公司,"REPSOL TRADING, S.A.",西班牙,2026-03-17,中国银行
957,贝塔国际证券有限公司,BETA INTERNATIONAL SECURITIES LIMITED,中国香港,2026-03-17,建设银行
958,瑞德资产管理有限公司,Reed Capital Partners Pte Ltd,新加坡,2026-03-18,中国银行
959,值成资本有限公司,"CVG CAPITAL CO,LIMITED",中国香港,2026-03-18,中国银行
960,金山（香港）国际矿业有限公司,Gold Mountains (H.K.) International Mining Company Limited,中国香港,2026-03-19,中国银行
961,昱光资源有限公司,LUMIER RESOURCES PTE. LTD.,新加坡,2026-03-19,中国银行
962,银辉投资有限公司,SilverCape Investments Limited,开曼群岛,2026-03-21,中国银行
963,淞港国际资产管理有限公司,SunRiver International Asset Management Limited,中国香港,2026-03-25,交通银行
964,中鑫资本（香港）管理有限公司,Central Wealth Capital (HK)Management Limited,中国香港,2026-04-07,中国银行
965,金利实业（香港）国际有限公司,JIN LI INDUSTRIAL (HONG KONG) INTERNATIONAL LIMITED,中国香港,2026-04-09,中国银行
966,英美资源营销有限公司,ANGLO AMERICAN MARKETING LIMITED,英国,2026-04-16,建设银行
967,老使命欧洲有限责任合伙企业,Old Mission Europe LLP,英国,2026-04-16,建设银行
968,摩根士丹利投资管理企业,Morgan Stanley Investment Management Company,新加坡,2026-04-20,汇丰银行
969,环球富盛理财有限公司,GL0BAL PROSPERITY FINANCIAL COMPANY LIMITED,中国香港,2026-04-20,交通银行
970,未来财富集团股份有限公司,Future Wealth Group AG,瑞士,2026-04-20,中国银行
971,瑭明资本管理有限公司,TOPAZ CAPITAL MANAGEMENT LIMITED,中国香港,2026-04-21,中国银行
972,澳星资本有限公司,AUSTAR CAPITAL PTY LTD,澳大利亚,2026-04-24,建设银行
973,山东黄金（新加坡）国际矿业有限公司,SD GOLD (SINGAPORE) INTERNATIONAL MINING PTE. LTD.,新加坡,2026-04-24,中国银行
974,嘉玉控股有限责任公司,Jade Holding LLC,卡塔尔,2026-05-08,中国银行
975,哈菲特资本有限公司,Hafeet Capital Limited,阿联酋,2026-05-09,中国银行
976,世通金融私人有限公司,StoneX Financial Pte Ltd,新加坡,2026-05-11,中国银行
977,凯希投资有限责任公司,KIC INVESTMENTS L.L.C,阿联酋,2026-05-12,建设银行
978,怡创全球资产管理私人有限公司,ITUS ASSET MANAGEMENT PTE. LTD.,新加坡,2026-05-14,中国银行
979,富地财富管理(香港)有限公司,Bendura Wealth Management (Hong Kong) Limited,中国香港,2026-05-18,中国银行
980,博致集团有限公司,Plentiful Compact Holdings Limited,中国香港,2026-05-21,中国银行
981,佳富资本有限公司,GAVEKAL CAPITAL LIMITED,中国香港,2026-06-03,汇丰银行
982,格林威治金属商品贸易有限公司,GMI Commodities SA,瑞士,2026-06-17,建设银行
983,晨方投资有限公司,AM SQUARED LIMITED,中国香港,2026-06-17,德意志银行
984,奥达金垒财富管理有限公司,Orda Wealth Management Ltd,哈萨克斯坦,2026-06-18,中国银行
985,阿方投资管理有限公司,R Squared Limited,中国香港,2026-06-18,建设银行
986,纵盈资本（香港）有限公司,Y-Intercept (Hong Kong) Limited,中国香港,2026-06-23,建设银行
987,富盛国际实业有限公司,RICH FORTUNE INT'L INDUSTRIAL LIMITED,中国香港,2026-06-24,中国银行
988,国贸新加坡有限公司,ITG RESOURCES (SINGAPORE) PTE. LTD.,新加坡,2026-06-26,建设银行
989,中基资源新加坡有限公司,CHINA-BASE RESOURCE SINGAPORE PTE. LTD.,新加坡,2026-06-29,中国银行
990,金柏资产管理有限公司,Complus Asset Management Limited,中国香港,2026-06-29,德意志银行
991,恩吉斯养老金私人有限公司,NGS Super Pty Limited,澳大利亚,2026-07-01,工商银行
992,灵戈托投资管理有限责任公司,Lingotto Investment Management LLP,英国,2026-07-07,汇丰银行
993,盛邦恒昌物产（新加坡）有限公司,THRIVBON RESOURCE (SINGAPORE) PTE. LTD.,新加坡,2026-07-08,建设银行
994,水龙头管理有限公司,TAP capital limited,中国香港,2026-07-16,中国银行
995,中燃远邦石油化工有限公司,"Chimbusco Pan Nation Petro-Chemical Co., Ltd.",中国香港,2026-07-22,建设银行
996,新加坡特利思有限公司,Trismegist Pte. Ltd.,新加坡,2026-07-20,建设银行
997,德信资产管理有限公司,Duxton Asset Management Pte. Ltd.,新加坡,2026-07-24,建设银行
998,迪亚琦华有限公司,DIJLLAH JEWELLERY FZE,阿联酋,2026-07-27,建设银行
999,睿目投资管理有限公司,AI-SQUARED MANAGEMENT LIMITED,中国香港,2026-07-31,建设银行
,注：1. 据中金汇理资产管理（香港）有限公司确认，其与中国国际金融股份有限公司、法国东方汇理银行及东方汇理资产管理公司不存在任何股权或关联关系。,,,,
